cle_commune,commune_norm,prefecture_norm,canton_norm,region_a,activite_categorie,etab_nom,nom_localite,longitude,latitude
GOLFE 5,GOLFE 5,GOLFE,AFLAO GAKLI,Grand Lomé,Banque,BTCI Amadahome,Amadahome ,1.1654270638510162,6.203541360604255
BAS MONO 1,BAS MONO 1,BAS MONO,AFAGNANGAN,Maritime intérieur,Micro-Finance,FUCEC Togo Afagnan,Awassi Onorio,1.6271233333333333,6.4957666666666665
ZIO 1,ZIO 1,ZIO,ABOBO,Maritime intérieur,Mutuelle,Mutuelle Dignite Humaine,Djagble,1.287165,6.266225
ZIO 1,ZIO 1,ZIO,ABOBO,Maritime intérieur,Mutuelle,Mutuelle Le Roc,Ablota,1.3728760724747089,6.239534103539881
GOLFE 5,GOLFE 5,GOLFE,AFLAO GAKLI,Grand Lomé,Micro-Finance,FUCEC-Togo,Adidogome ,1.1690136321572586,6.183478641263159
AGOE NYIVE 1,AGOE NYIVE 1,AGOE NYIVE,AGOE NYIVE,Grand Lomé,Assurance,CIF Assurance-vie,Adidoadin,1.1895305475058346,6.206187504803494
GOLFE 6,GOLFE 6,GOLFE,BAGUIDA,Grand Lomé,Banque,BTCI Baguida,BAGUIDA,1.3381952574322604,6.167495664668762
GOLFE 5,GOLFE 5,GOLFE,AFLAO GAKLI,Grand Lomé,Micro-Finance,Microfinance Millenium Totsi,Totsi,1.1866806869108153,6.197077790836492
GOLFE 5,GOLFE 5,GOLFE,AFLAO GAKLI,Grand Lomé,Banque,BTCI Agbalepedogan,Agbalepedogan ,1.2007360347995677,6.197624349044445
ZIO 1,ZIO 1,ZIO,DJAGBLE,Maritime intérieur,Micro-Finance,COOPAD Djagblé,Djagble,1.282792090426032,6.254119620863774
ZIO 1,ZIO 1,ZIO,DJAGBLE,Maritime intérieur,Mutuelle,Mutuelle Meci,Djagble,1.2835601090271076,6.256053905261389
GOLFE 4,GOLFE 4,GOLFE,AMOUTIVE,Grand Lomé,Banque,Direction générale Siab Togo,Adawlato,1.22458742066699,6.123606099488691
BLITTA 2,BLITTA 2,BLITTA,AGBANDI,Centrale,Micro-Finance,UCMECF To Point de Agbandji,Agbandji ,1.1345633333333334,8.227016666666666
BLITTA 1,BLITTA 1,BLITTA,PAGALA GARE,Centrale,Micro-Finance,FUCEC Togo Agence Pagala,Pagala Gare ,0.975405815075356,8.178073750269546
ZIO 1,ZIO 1,ZIO,ABOBO,Maritime intérieur,Mutuelle,Mutuelle Le President Microfinance Sa,Aveta,1.2919633333333334,6.270525
AGOE NYIVE 3,AGOE NYIVE 3,AGOE NYIVE,VAKPOSSITO,Grand Lomé,Micro-Finance,FUCEC-togo Agence Vakpossito,Telessou ,1.1693257332827622,6.218002102046497
GOLFE 5,GOLFE 5,GOLFE,AFLAO GAKLI,Grand Lomé,Banque,UTB Agence Totsi,Totsi ,1.1875630239819002,6.196495010626283
ZIO 1,ZIO 1,ZIO,DJAGBLE,Maritime intérieur,Micro-Finance,CECAV Gbama Kope,Gbama Cope,1.2635966666666665,6.260861666666667
GOLFE 5,GOLFE 5,GOLFE,AFLAO GAKLI,Grand Lomé,Micro-Finance,COOPEC Fidelite,Adidogome ,1.1817190932930046,6.175686110238065
GOLFE 5,GOLFE 5,GOLFE,AFLAO GAKLI,Grand Lomé,Mutuelle,Mutuelle ASJD Totsi,Totsi ,1.1876890867899137,6.1953512742015
BAS MONO 1,BAS MONO 1,BAS MONO,AFAGNAN GBLETA,Maritime intérieur,Mutuelle,CEC Tso Nakle,Gbleta,1.6155766666666664,6.494128333333333
AGOE NYIVE 1,AGOE NYIVE 1,AGOE NYIVE,AGOE NYIVE,Grand Lomé,Assurance,Fidelia Assurance Agbalepedogan,Agbalepedogan ,1.1955433333333334,6.201101666666667
AGOE NYIVE 3,AGOE NYIVE 3,AGOE NYIVE,VAKPOSSITO,Grand Lomé,Mutuelle,Fonds Communautaire Pour Le Developpement,Elevagnon Kleve,1.1686083442527062,6.2190883839568425
ZIO 1,ZIO 1,ZIO,DJAGBLE,Maritime intérieur,Micro-Finance,COOPEC AD Djagblé,Djagble,1.284241709987992,6.259451822949494
TCHAOUDJO 1,TCHAOUDJO 1,TCHAOUDJO,SOKODE (KOMAH),Centrale,Micro-Finance,COMEC Sokode,KOMAH,1.1351699999999996,8.97086166666667
TCHAOUDJO 1,TCHAOUDJO 1,TCHAOUDJO,SOKODE (KOMAH),Centrale,Banque,BTCI Sokode,SOKODÉ,1.138942413350057,8.988671205880385
MO 1,MO 1,MO,DJARKPANGA,Centrale,Micro-Finance,COOPEC Plaine de Mo,Djarkpanga,0.5628950000000001,8.784271666666665
MO 2,MO 2,MO,TINDJASSE,Centrale,Micro-Finance,Microfinance Amitie Entre les Peuples,LAO,0.4636942079689802,8.65053963279447
VO 4,VO 4,VO,HAHOTOE,Maritime intérieur,Micro-Finance,WAGES Hahotoe,HAHOTOE ,1.4174033333333325,6.3653716666666655
TCHAOUDJO 1,TCHAOUDJO 1,TCHAOUDJO,SOKODE (KOMAH),Centrale,Micro-Finance,COOPEC Gaiete de Sokode,Quartier administratif,1.1374168660464508,8.97894905470748
TCHAOUDJO 1,TCHAOUDJO 1,TCHAOUDJO,SOKODE (KOMAH),Centrale,Micro-Finance,COOPEC AD de Sokode,TCHAWANDA,1.1361540914462491,8.988323631561128
TCHAOUDJO 1,TCHAOUDJO 1,TCHAOUDJO,SOKODE (KOMAH),Centrale,Banque,ECOBANK Sokode,SOKODE,1.139305810376904,8.988453533954205
TCHAOUDJO 1,TCHAOUDJO 1,TCHAOUDJO,SOKODE (KOMAH),Centrale,Banque,Banque Atlantique Sokodé,SOKODE,1.1397067101565963,8.987417421356668
TCHAOUDJO 1,TCHAOUDJO 1,TCHAOUDJO,SOKODE (KOMAH),Centrale,Banque,BSIC Sokode,Sokode,1.1380730622757838,8.990393746191828
TCHAOUDJO 1,TCHAOUDJO 1,TCHAOUDJO,SOKODE (KOMAH),Centrale,Banque,SPT Sokode,ZONGO,1.140378436146856,8.985052292635878
TCHAOUDJO 1,TCHAOUDJO 1,TCHAOUDJO,SOKODE (KOMAH),Centrale,Banque,ORABANK Sokode,SOKODE,1.135012120185726,8.988120159300394
TCHAOUDJO 1,TCHAOUDJO 1,TCHAOUDJO,SOKODE (KOMAH),Centrale,Banque,BOA Sokodé,SOKODE,1.139422366260735,8.9881736394278
TCHAOUDJO 1,TCHAOUDJO 1,TCHAOUDJO,SOKODE (KOMAH),Centrale,Micro-Finance,Mutuelle Tibi de Sokode,ZONGO,1.138538662480204,8.989627972962895
GOLFE 1,GOLFE 1,GOLFE,BE EST,Grand Lomé,Banque,SUNU Bank Akodessewa,AKODESSEWA ,1.2409790321902656,6.140851224019129
TCHAOUDJO 1,TCHAOUDJO 1,TCHAOUDJO,SOKODE (KOMAH),Centrale,Micro-Finance,WAGES Sokode,SOKODE ,1.1408407635574265,8.987919380169773
TCHAOUDJO 1,TCHAOUDJO 1,TCHAOUDJO,KPANGALAM,Centrale,Micro-Finance,URCLEC Sokode,KPANGALAM,1.1356097,9.0090381
TCHAOUDJO 1,TCHAOUDJO 1,TCHAOUDJO,SOKODE (KOMAH),Centrale,Banque,CORIS Bank Sokode,Sokode,1.1383449999999995,8.98977666666667
TCHAOUDJO 1,TCHAOUDJO 1,TCHAOUDJO,KPANGALAM,Centrale,Micro-Finance,Direction URCLEC Sokode,Kpangalam,1.1400340808462006,9.02536056426368
TCHAMBA 1,TCHAMBA 1,TCHAMBA,TCHAMBA,Centrale,Micro-Finance,FUCEC Togo Djayowoa,Djayewoa,1.414178333333333,9.022271666666668
TCHAMBA 1,TCHAMBA 1,TCHAMBA,TCHAMBA,Centrale,Banque,UTB Tchamba,ZONGO,1.4158900000000003,9.028351666666667
TCHAMBA 1,TCHAMBA 1,TCHAMBA,TCHAMBA,Centrale,Micro-Finance,URCLEC Iyiwa,Iyiwa,1.4149033333333332,9.022533333333334
TCHAMBA 1,TCHAMBA 1,TCHAMBA,TCHAMBA,Centrale,Micro-Finance,UCMECF-TO Tchamba,Forêt chance,1.4225500000000004,9.025471666666665
TCHAMBA 1,TCHAMBA 1,TCHAMBA,TCHAMBA,Centrale,Micro-Finance,COOPEC ADESEM Forêt chance,Forêt chance,1.42318,9.026513333333334
TCHAMBA 3,TCHAMBA 3,TCHAMBA,KABOLI,Centrale,Micro-Finance,COOPEC ADESEM Djama,Djama,1.5851316666666668,8.751820000000002
TCHAMBA 3,TCHAMBA 3,TCHAMBA,KABOLI,Centrale,Micro-Finance,FUCEC Togo Guimegue,Guimegue,1.5953733333333329,8.74755833333334
TCHAMBA 3,TCHAMBA 3,TCHAMBA,KABOLI,Centrale,Micro-Finance,URCLEC Adja,Adja,1.5936216666666667,8.749235
TCHAMBA 3,TCHAMBA 3,TCHAMBA,KABOLI,Centrale,Micro-Finance,WAGES Takete,TAKETE,1.5930166666666663,8.74731333333333
TCHAMBA 2,TCHAMBA 2,TCHAMBA,KOUSSOUNTOU,Centrale,Micro-Finance,FUCEC Togo Bassegue,Bassegue,1.5183449999999998,8.832591666666668
TCHAOUDJO 1,TCHAOUDJO 1,TCHAOUDJO,SOKODE (KOMAH),Centrale,Micro-Finance,CMECF Sokode,SOKODE ,1.1372728118047162,8.987489146711019
TCHAOUDJO 1,TCHAOUDJO 1,TCHAOUDJO,SOKODE (KOMAH),Centrale,Micro-Finance,COOPEC ADESEM Sokodé,Sokode,1.1346216666666666,8.98726
GOLFE 4,GOLFE 4,GOLFE,AMOUTIVE,Grand Lomé,Banque,ORABANK Nyékonakpoè,Nyékonakpoè,1.2137183333333337,6.130093333333335
TCHAOUDJO 1,TCHAOUDJO 1,TCHAOUDJO,SOKODE (KOMAH),Centrale,Banque,SUNU Bank Sokodé,Sokodé,1.1362916666666667,8.973838333333331
SOTOUBOUA 1,SOTOUBOUA 1,SOTOUBOUA,SOTOUBOUA,Centrale,Banque,SUNU Bank Sotouboua,"Sotouboua, Sondè",0.978938333333334,8.56456
SOTOUBOUA 1,SOTOUBOUA 1,SOTOUBOUA,SOTOUBOUA,Centrale,Banque,UTB de Sotouboua,Sondè,0.9762098228790848,8.561324711379944
GOLFE 6,GOLFE 6,GOLFE,BAGUIDA,Grand Lomé,Micro-Finance,COOPEC AD Avepozo,AVEPOZO,1.3508488315358569,6.171477392594488
SOTOUBOUA 1,SOTOUBOUA 1,SOTOUBOUA,SOTOUBOUA,Centrale,Banque,ORABANK de Sotouboua,SOTOUBOUA SONDE,0.9751685688305068,8.560778211422667
GOLFE 5,GOLFE 5,GOLFE,AFLAO GAKLI,Grand Lomé,Banque,Banque Atlantique Adidoadin,TOTSI ADIDOADIN,1.1882127801715372,6.199797610560822
GOLFE 7,GOLFE 7,GOLFE,AFLAO SAGBADO,Grand Lomé,Micro-Finance,COOPEC AD Adidogome Madiba,MADIBA ,1.148209999999999,6.200311666666667
SOTOUBOUA 1,SOTOUBOUA 1,SOTOUBOUA,SOTOUBOUA,Centrale,Micro-Finance,WAGES M'heza de Sotouboua,SOTOUBOUA LAW WAYI,0.9795333333333334,8.565854999999999
SOTOUBOUA 1,SOTOUBOUA 1,SOTOUBOUA,SOTOUBOUA,Centrale,Micro-Finance,FUCEC Togo de Sotouboua,Lawaye,0.9839933333333336,8.561128333333334
SOTOUBOUA 1,SOTOUBOUA 1,SOTOUBOUA,SOTOUBOUA,Centrale,Micro-Finance,URCLEC de Sotouboua,Lawaye,0.9833055591689458,8.561717960817296
SOTOUBOUA 1,SOTOUBOUA 1,SOTOUBOUA,SOTOUBOUA,Centrale,Micro-Finance,Mutuelle Tibi de Sotouboua,Sondè,0.9745066666666669,8.561853333333337
TCHAOUDJO 1,TCHAOUDJO 1,TCHAOUDJO,SOKODE (KOMAH),Centrale,Banque,UTB Sokodé,KOMAH 1,1.1397479376919393,8.984248081094423
SOTOUBOUA 1,SOTOUBOUA 1,SOTOUBOUA,SOTOUBOUA,Centrale,Micro-Finance,CMECF Sotouboua,SOTOUBOUA ,0.9812148591194516,8.563263675313134
SOTOUBOUA 1,SOTOUBOUA 1,SOTOUBOUA,SOTOUBOUA,Centrale,Micro-Finance,CECO COOP de Sotouboua,SOTOUBOUA,0.9702683333333328,8.555911666666669
SOTOUBOUA 2,SOTOUBOUA 2,SOTOUBOUA,ADJENGRE,Centrale,Micro-Finance,FUCEC Togo Adjengre,ADJENGRE,1.0179816666666672,8.66349
SOTOUBOUA 3,SOTOUBOUA 3,SOTOUBOUA,TCHEBEBE,Centrale,Micro-Finance,CMECF-sotouboua,Tchébébe,0.99136,8.430226666666668
SOTOUBOUA 1,SOTOUBOUA 1,SOTOUBOUA,SOTOUBOUA,Centrale,Micro-Finance,Club Entraide Sans Frontière Microfinance,Sotouboua,0.9762896155194898,8.560861225625931
SOTOUBOUA 2,SOTOUBOUA 2,SOTOUBOUA,ADJENGRE,Centrale,Micro-Finance,COOPEC ADESEM de ADjengre,N/a,1.020245,8.669360000000003
SOTOUBOUA 2,SOTOUBOUA 2,SOTOUBOUA,ADJENGRE,Centrale,Micro-Finance,Caisse Mutuelle d'épargne et de Crédit Pour Les Femmes du Togo de ADjengre,Zongo,1.019698205082053,8.658409391833956
SOTOUBOUA 3,SOTOUBOUA 3,SOTOUBOUA,TCHEBEBE,Centrale,Micro-Finance,COOPEC ADESEM Agence de Tchébébé,TCHÉBÉBÉ,0.9955423597603048,8.433720540039227
SOTOUBOUA 3,SOTOUBOUA 3,SOTOUBOUA,TCHEBEBE,Centrale,Micro-Finance,FUCEC Togo Enente de Tchebebe,TCHÉBÉBÉ,0.991393333333333,8.434643333333332
AGOE NYIVE 1,AGOE NYIVE 1,AGOE NYIVE,AGOE NYIVE,Grand Lomé,Micro-Finance,Aliada Agoe,Assiyeye,1.197142819167033,6.232668097886787
TCHAOUDJO 1,TCHAOUDJO 1,TCHAOUDJO,KPANGALAM,Centrale,Banque,SPT Kpangalam,KPANGALAM ,1.1361910039466734,9.009539121285307
BLITTA 1,BLITTA 1,BLITTA,BLITTA,Centrale,Micro-Finance,URCLEC Lamakaza,Lama kaza,0.98663,8.32863333333333
BLITTA 1,BLITTA 1,BLITTA,BLITTA,Centrale,Micro-Finance,FUCEC Togo Blitta zongo,Blitta  zongo,0.9776783333333332,8.326518333333334
BLITTA 1,BLITTA 1,BLITTA,PAGALA GARE,Centrale,Banque,SPT Pagala Gare,Pagala Gare ,0.9649733333541228,8.183901666623392
BLITTA 1,BLITTA 1,BLITTA,BLITTA,Centrale,Banque,UTB Lamakaza,LAMA kaza,0.986206666666666,8.33103333333333
BLITTA 2,BLITTA 2,BLITTA,AGBANDI,Centrale,Micro-Finance,FUCEC Togo Bagbo,BAGBO,1.1335716666666664,8.230938333333334
BLITTA 1,BLITTA 1,BLITTA,PAGALA GARE,Centrale,Micro-Finance,Micro Finance URCLEC de Pagala Gare,PAGALA zongo ,0.9652233333333337,8.1837
BLITTA 1,BLITTA 1,BLITTA,PAGALA GARE,Centrale,Micro-Finance,UCMEF de Pagala Gare,Lonaba,0.9714516666666664,8.180305000000002
SOTOUBOUA 1,SOTOUBOUA 1,SOTOUBOUA,SOTOUBOUA,Centrale,Banque,SPT Sotouboua,Sondè,0.9775760085394088,8.5643739673124
GOLFE 1,GOLFE 1,GOLFE,BE EST,Grand Lomé,Banque,BIA Togo de Be Apeyeyeme,BE APEYEYEME,1.240335,6.140953333333332
SOTOUBOUA 2,SOTOUBOUA 2,SOTOUBOUA,ADJENGRE,Centrale,Banque,SPT ADjengre,Zongo,1.0190543511292038,8.659358968302604
TCHAMBA 1,TCHAMBA 1,TCHAMBA,TCHAMBA,Centrale,Micro-Finance,Finance-centralespt-tchamba,TCHAMBA,1.41776,9.020614999999998
TCHAMBA 3,TCHAMBA 3,TCHAMBA,KABOLI,Centrale,Micro-Finance,Finance Centrale Spt-kaboli,GUINIGUI,1.5959683333333334,8.748108333333333
BLITTA 1,BLITTA 1,BLITTA,BLITTA,Centrale,Banque,STP Blitta,BLITTA GARE,0.978226117586294,8.32468879147974
AGOE NYIVE 6,AGOE NYIVE 6,AGOE NYIVE,ADETIKOPE,Grand Lomé,Micro-Finance,FUCEC Togo Adétikopé,ADETICOPE,1.2184175481834236,6.320862661814265
AGOE NYIVE 6,AGOE NYIVE 6,AGOE NYIVE,ADETIKOPE,Grand Lomé,Micro-Finance,La Mutuelle Dignite Humaine,ADETIKOPE,1.222168333333333,6.315060000000002
AGOE NYIVE 6,AGOE NYIVE 6,AGOE NYIVE,ADETIKOPE,Grand Lomé,Micro-Finance,CECAV Fraternite Adeticope,ADETIKOPE,1.2179356009455375,6.318307536869714
AGOE NYIVE 6,AGOE NYIVE 6,AGOE NYIVE,ADETIKOPE,Grand Lomé,Micro-Finance,Mutuelle Akwaba Adetikope,ADETIKOPE,1.2193,6.320983333333334
AGOE NYIVE 1,AGOE NYIVE 1,AGOE NYIVE,AGOE NYIVE,Grand Lomé,Micro-Finance,Mutuelle Digitale Humaine Agoè Assiyéué,Assiyéyé,1.1967199999999998,6.233856666666666
AGOE NYIVE 1,AGOE NYIVE 1,AGOE NYIVE,AGOE NYIVE,Grand Lomé,Micro-Finance,CEF-MF Legbassito,LEGBASSITO,1.167679999999999,6.256730000000002
AGOE NYIVE 1,AGOE NYIVE 1,AGOE NYIVE,AGOE NYIVE,Grand Lomé,Banque,ORABANK Assiyeye,AGOE ASSIYEYE,1.1972415814054411,6.232927573115106
AGOE NYIVE 1,AGOE NYIVE 1,AGOE NYIVE,AGOE NYIVE,Grand Lomé,Micro-Finance,WAGES Agoe,AGOE ASSIYEYE,1.1987100000000002,6.231383333333335
GOLFE 1,GOLFE 1,GOLFE,BE EST,Grand Lomé,Banque,SGT Lomé Port,LOME PORT ,1.27442064514978,6.143232572355724
AGOE NYIVE 1,AGOE NYIVE 1,AGOE NYIVE,AGOE NYIVE,Grand Lomé,Micro-Finance,COOPEC la Grâce Divine,AGOE SOGBOSSITO,1.1756911188695065,6.2571894804405845
AGOE NYIVE 1,AGOE NYIVE 1,AGOE NYIVE,AGOE NYIVE,Grand Lomé,Micro-Finance,CECAV Yayra Agoe,Agoe Assiyeye,1.1958578884997515,6.234360589748889
AGOE NYIVE 1,AGOE NYIVE 1,AGOE NYIVE,AGOE NYIVE,Grand Lomé,Micro-Finance,URCLEC Agoè Assiyéyé,AGOE ASSIYEYE,1.198771666666666,6.230906666666669
GOLFE 6,GOLFE 6,GOLFE,BAGUIDA,Grand Lomé,Banque,Banque Altantique Luxolin,Luxolin,1.3158102189914611,6.161233870428658
GOLFE 4,GOLFE 4,GOLFE,AMOUTIVE,Grand Lomé,Micro-Finance,LMF le Pavillon,DECKON,1.22862364676609,6.137680684468465
GOLFE 6,GOLFE 6,GOLFE,BAGUIDA,Grand Lomé,Micro-Finance,WAGES Baguida,BAGUIDA ,1.3282733333333334,6.1662366666666655
GOLFE 5,GOLFE 5,GOLFE,AFLAO GAKLI,Grand Lomé,Banque,CORIS Bank ADidogome Madiba,ADIDOGOME MADIBA,1.1513587700659638,6.197987679351148
GOLFE 7,GOLFE 7,GOLFE,AFLAO SAGBADO,Grand Lomé,Micro-Finance,Microfinance COECEB Adidogome Assiyeye,ADIDOGOME ,1.1460301112439952,6.197518845535679
GOLFE 7,GOLFE 7,GOLFE,AFLAO SAGBADO,Grand Lomé,Micro-Finance,Microfinance COOP ICEC,ADIDOGOME ,1.1449674215718737,6.198527684220908
GOLFE 6,GOLFE 6,GOLFE,BAGUIDA,Grand Lomé,Banque,SPT Avepozo,AVEPOZO,1.3447015257107189,6.169299674041963
GOLFE 7,GOLFE 7,GOLFE,AFLAO SAGBADO,Grand Lomé,Micro-Finance,Microfinance Millenium Apedokoe,APEDOKOE,1.1439749999999995,6.203886666666669
GOLFE 7,GOLFE 7,GOLFE,AFLAO SAGBADO,Grand Lomé,Micro-Finance,Microfinance Echoppe Togo Wonye,WOGNOME,1.1478466666666665,6.191235000000001
GOLFE 4,GOLFE 4,GOLFE,AMOUTIVE,Grand Lomé,Banque,BOA Dekon,DECKON,1.2268605396590395,6.136367321450171
AGOE NYIVE 1,AGOE NYIVE 1,AGOE NYIVE,AGOE NYIVE,Grand Lomé,Banque,CORIS Bank ADIDO-ADIN,ADIDO-ADIN,1.1894887451533154,6.209047659605975
GOLFE 5,GOLFE 5,GOLFE,AFLAO GAKLI,Grand Lomé,Banque,IB Bank Agbalépédogan,AGBALEPEDOGAN,1.2008404516935074,6.197587713632931
GOLFE 3,GOLFE 3,GOLFE,BE OUEST,Grand Lomé,Banque,NSIA Banque Agbalepedogan,AGBALEPEDOGAN,1.2075839,6.188443499999999
GOLFE 3,GOLFE 3,GOLFE,BE OUEST,Grand Lomé,Assurance,GTA Assurance,GTA,1.2091357482495653,6.191123249293486
GOLFE 5,GOLFE 5,GOLFE,AFLAO GAKLI,Grand Lomé,Micro-Finance,COECEPT Avédji,AVEDJI,1.1726286999999995,6.1931832
GOLFE 5,GOLFE 5,GOLFE,AFLAO GAKLI,Grand Lomé,Micro-Finance,COOPEC AD Agbalépédogan,AGBALEPEDOGAN,1.1926177999999996,6.195376700000001
GOLFE 1,GOLFE 1,GOLFE,BE EST,Grand Lomé,Banque,BIA Togo Akodessewa,N/a,1.2671495496505338,6.1554281268825015
GOLFE 6,GOLFE 6,GOLFE,BAGUIDA,Grand Lomé,Micro-Finance,CECAV Fraternité,AVEPOZO,1.3490751938088497,6.170911213820332
GOLFE 1,GOLFE 1,GOLFE,BE EST,Grand Lomé,Micro-Finance,COOPEC AD,N/a,1.2715866666666666,6.165543333333335
GOLFE 1,GOLFE 1,GOLFE,BE EST,Grand Lomé,Micro-Finance,COCEC de Kanyikope,KANYIKOPE,1.296562052580254,6.167922215436336
GOLFE 2,GOLFE 2,GOLFE,BE CENTRE,Grand Lomé,Micro-Finance,MECI d'attiegou,ATTIEGOUVI,1.2710487271684414,6.187670142378855
GOLFE 1,GOLFE 1,GOLFE,BE EST,Grand Lomé,Micro-Finance,WAGES d'adakpame,ADAKPAME,1.289845023649574,6.170179306226796
AGOE NYIVE 1,AGOE NYIVE 1,AGOE NYIVE,AGOE NYIVE,Grand Lomé,Micro-Finance,Mutual Finance,ADIDOADIN,1.1881831721361695,6.211845685973874
GOLFE 5,GOLFE 5,GOLFE,AFLAO GAKLI,Grand Lomé,Micro-Finance,WAGES Avedji,Avedji ,1.181036706545855,6.201059956400363
GOLFE 3,GOLFE 3,GOLFE,BE OUEST,Grand Lomé,Assurance,Prudential Beneficial Life Insurance,Agbanlépédogan ,1.208490520384514,6.192360974830099
GOLFE 1,GOLFE 1,GOLFE,BE EST,Grand Lomé,Assurance,SUNU Assurance Akodessewa,AKODESSEWA ,1.2410017754128015,6.140935731347781
GOLFE 1,GOLFE 1,GOLFE,BE EST,Grand Lomé,Banque,CORIS Bank d'Akodessewa,AKODESSEWA ,1.2842216666666664,6.158920000000001
GOLFE 1,GOLFE 1,GOLFE,BE EST,Grand Lomé,Micro-Finance,CECAV Akodessewa,AKODESSEWA ,1.2673616666666667,6.152386666666667
GOLFE 1,GOLFE 1,GOLFE,BE EST,Grand Lomé,Banque,ORABANK du Port,LOME PORT,1.26661,6.139035000000001
GOLFE 6,GOLFE 6,GOLFE,BAGUIDA,Grand Lomé,Micro-Finance,COCEC Baguida,ADAMAVO,1.3136411638919152,6.171486047129651
GOLFE 6,GOLFE 6,GOLFE,BAGUIDA,Grand Lomé,Micro-Finance,COOPEC La Fructueuse Adamavo,Adamavo,1.3065666666666669,6.169595
GOLFE 1,GOLFE 1,GOLFE,BE EST,Grand Lomé,Micro-Finance,Coda Zorobar,ZOROBAR,1.2849031,6.1644953000000005
GOLFE 1,GOLFE 1,GOLFE,BE EST,Grand Lomé,Micro-Finance,COOPEC la Fructueuse,Attiegouvi,1.2667802999999993,6.165166
GOLFE 1,GOLFE 1,GOLFE,BE EST,Grand Lomé,Banque,SPT Akodessewa,Akodessewa,1.267235,6.151555
GOLFE 1,GOLFE 1,GOLFE,BE EST,Grand Lomé,Banque,BSIC Lomé Port,Zone portuaire,1.2766162,6.143397599999999
GOLFE 6,GOLFE 6,GOLFE,BAGUIDA,Grand Lomé,Micro-Finance,COFEC Baguida,BAGUIDA,1.3326791532536422,6.168959038121278
GOLFE 6,GOLFE 6,GOLFE,BAGUIDA,Grand Lomé,Banque,ORABANK Baguida,BAGUIDA,1.3285360279046412,6.164517051498921
GOLFE 6,GOLFE 6,GOLFE,BAGUIDA,Grand Lomé,Banque,CORIS Bank Avepozo,AVEPOZO,1.3405748319468105,6.168183989263163
GOLFE 4,GOLFE 4,GOLFE,AMOUTIVE,Grand Lomé,Banque,ECOBANK Assivito,ASSIVITO,1.2215162673872737,6.129216922087024
GOLFE 6,GOLFE 6,GOLFE,BAGUIDA,Grand Lomé,Micro-Finance,COOPECfi Avepozo,AVEPOZO,1.337521852719781,6.167714252132774
GOLFE 1,GOLFE 1,GOLFE,BE EST,Grand Lomé,Banque,ECOBANK Akodessewa,AKODESSEWA,1.2657799927264453,6.153124920152232
GOLFE 1,GOLFE 1,GOLFE,BE EST,Grand Lomé,Banque,ORABANK Port,AKODESSEWA,1.2744033333333329,6.143516666666668
GOLFE 1,GOLFE 1,GOLFE,BE EST,Grand Lomé,Banque,BOA Lomé Port,LOME PORT,1.2745149007793797,6.142972113871874
GOLFE 1,GOLFE 1,GOLFE,BE EST,Grand Lomé,Banque,ECOBANK Rond Point Port,LOME PORT ,1.2745258948325309,6.142863032694351
AGOE NYIVE 1,AGOE NYIVE 1,AGOE NYIVE,AGOE NYIVE,Grand Lomé,Micro-Finance,COOPECfI Assiyeye,Assiyeye,1.1975528269774174,6.225889556983486
GOLFE 7,GOLFE 7,GOLFE,AFLAO SAGBADO,Grand Lomé,Micro-Finance,Microfinance FIDES -Togo Yokoe,YOKOE,1.1437457281785857,6.180241237402258
GOLFE 1,GOLFE 1,GOLFE,BE EST,Grand Lomé,Micro-Finance,FUCEC Togo Bè,BE,1.2426933333333334,6.142240000000001
GOLFE 1,GOLFE 1,GOLFE,BE EST,Grand Lomé,Assurance,GTA Assurance Akodésséwa,AKODESSEWA ,1.2715166666666669,6.1503916666666685
GOLFE 1,GOLFE 1,GOLFE,BE EST,Grand Lomé,Banque,UTB Lomé Port,ROND POINT PORT,1.2747953293072487,6.143576541821805
GOLFE 1,GOLFE 1,GOLFE,BE EST,Grand Lomé,Banque,SPT Lomé Port,POSTE LOME PORT,1.275551656348921,6.1441004973871145
GOLFE 1,GOLFE 1,GOLFE,BE EST,Grand Lomé,Micro-Finance,COOPEC Maturite TP3,LOME PORT,1.2886833598005274,6.160222628839682
GOLFE 1,GOLFE 1,GOLFE,BE EST,Grand Lomé,Banque,BTCI Lomé Port,LOME PORT,1.2757155916040237,6.143110371857142
AGOE NYIVE 2,AGOE NYIVE 2,AGOE NYIVE,LEGBASSITO,Grand Lomé,Micro-Finance,COOPEC AD Agence de Legbassito,AHOUNKPOE,1.1522400000000004,6.268031666666668
AGOE NYIVE 2,AGOE NYIVE 2,AGOE NYIVE,LEGBASSITO,Grand Lomé,Micro-Finance,WAGES Agence de Legbassito,AHOUNKPOE,1.1519700000000002,6.266851666666668
GOLFE 3,GOLFE 3,GOLFE,BE OUEST,Grand Lomé,Banque,Banque Atlantique Agence Agbalepedogan,GTA,1.2082627695815624,6.19134802346902
AGOE NYIVE 2,AGOE NYIVE 2,AGOE NYIVE,LEGBASSITO,Grand Lomé,Micro-Finance,FUCEC Togo Agence de Legbassito,Legbassimé,1.151315,6.267165
AGOE NYIVE 2,AGOE NYIVE 2,AGOE NYIVE,LEGBASSITO,Grand Lomé,Micro-Finance,ASJD Agence de Zossime,Zossimé,1.1510696396471616,6.233140131385709
GOLFE 6,GOLFE 6,GOLFE,BAGUIDA,Grand Lomé,Banque,BOA Baguida,BAGUIDA,1.320587953967112,6.162544292554736
GOLFE 6,GOLFE 6,GOLFE,BAGUIDA,Grand Lomé,Banque,NSIA Baguida,BAGUIDA ,1.334903160420629,6.166494457546458
GOLFE 6,GOLFE 6,GOLFE,BAGUIDA,Grand Lomé,Banque,BIA Togo Baguida,BAGUIDA,1.3156363022844992,6.161217522821812
GOLFE 6,GOLFE 6,GOLFE,BAGUIDA,Grand Lomé,Micro-Finance,FUCEC Togo Baguida,BAGUIDA,1.34466333419383,6.169838277997084
GOLFE 6,GOLFE 6,GOLFE,BAGUIDA,Grand Lomé,Assurance,Sanlam Baguida,BAGUIDA ,1.3397850000000002,6.168284999999999
GOLFE 2,GOLFE 2,GOLFE,BE CENTRE,Grand Lomé,Banque,SPT Aeroport International Gnassingbe Eyadema,AEROPORT DE LOME,1.2522538999999993,6.174271400000001
GOLFE 2,GOLFE 2,GOLFE,BE CENTRE,Grand Lomé,Banque,ECOBANK Aerogare,AEROPORT DE LOME,1.252095291758954,6.174150719816597
GOLFE 2,GOLFE 2,GOLFE,BE CENTRE,Grand Lomé,Banque,NSIA Banque Aeroport International Gnassingbe Eyadema,AEROPORT DE LOME,1.2529785166790974,6.170669881612013
GOLFE 2,GOLFE 2,GOLFE,BE CENTRE,Grand Lomé,Banque,ORABANK Aéroport,AÉROPORT international ,1.2531106999999997,6.170732600000001
GOLFE 2,GOLFE 2,GOLFE,BE CENTRE,Grand Lomé,Banque,SPT de L 'aeroport International Gnassingbe Eyadema,AÉROPORT ,1.2515283333333331,6.168221666666668
GOLFE 3,GOLFE 3,GOLFE,BE OUEST,Grand Lomé,Micro-Finance,MECIT Agbalépédo,AGBALEPEDO,1.2084000000000004,6.195708333333332
GOLFE 1,GOLFE 1,GOLFE,BE EST,Grand Lomé,Micro-Finance,Institution de Microfinance,AKODESSEWA ,1.2688716666666666,6.154298333333332
GOLFE 1,GOLFE 1,GOLFE,BE EST,Grand Lomé,Banque,UTB Be Kpehenou,BE KPEHENOU,1.2367188400601268,6.138376818007044
GOLFE 7,GOLFE 7,GOLFE,AFLAO SAGBADO,Grand Lomé,Micro-Finance,Agence de Transfert Fintech Atilamonou,ATILAMONOU,1.1282929798098644,6.217434534859058
GOLFE 7,GOLFE 7,GOLFE,AFLAO SAGBADO,Grand Lomé,Micro-Finance,Institution de Microfinance Coopad Segbe,SEGBE,1.1041383333333334,6.199564999999999
GOLFE 5,GOLFE 5,GOLFE,AFLAO GAKLI,Grand Lomé,Banque,BOA ADidogome,ADIDOGOME ,1.1651514078291656,6.185986552617569
GOLFE 5,GOLFE 5,GOLFE,AFLAO GAKLI,Grand Lomé,Assurance,SUNU Assurances Avenou,AVENOU,1.184621826748101,6.173848230337873
GOLFE 3,GOLFE 3,GOLFE,BE OUEST,Grand Lomé,Banque,SPT de La Residence du Benin,LOME 2,1.2228534215735436,6.173301606161072
GOLFE 4,GOLFE 4,GOLFE,AMOUTIVE,Grand Lomé,Assurance,SUNU Assurances Vie,NYEKONAKPOE,1.209842554583579,6.125075568694468
GOLFE 4,GOLFE 4,GOLFE,AMOUTIVE,Grand Lomé,Assurance,La Protectrice S.A,ADOBOUKOME,1.2276989005765566,6.133603942926623
GOLFE 5,GOLFE 5,GOLFE,AFLAO GAKLI,Grand Lomé,Assurance,SGCAR Assurance,AVENUE DE LA CHANCE EN FACE DE LA LONATO,1.2071527572647294,6.188986091570224
GOLFE 5,GOLFE 5,GOLFE,AFLAO GAKLI,Grand Lomé,Micro-Finance,COOPEC Grace plus Amadahomé,Amadahome,1.1522296177821123,6.197206608017171
GOLFE 3,GOLFE 3,GOLFE,BE OUEST,Grand Lomé,Assurance,Afrik Assurance,BOULEVARD DE LA KARA,1.2214349999999998,6.1645650000000005
GOLFE 4,GOLFE 4,GOLFE,AMOUTIVE,Grand Lomé,Assurance,Lorica Assurance,ATTIKOUME,1.2032099999999997,6.162918333333333
GOLFE 4,GOLFE 4,GOLFE,AMOUTIVE,Grand Lomé,Assurance,Careas Assurance,NYEKONAKPOE,1.2112683333333336,6.129893333333335
AGOE NYIVE 1,AGOE NYIVE 1,AGOE NYIVE,AGOE NYIVE,Grand Lomé,Assurance,Prunelle Assurance,Avedji,1.1822295888588907,6.20650397589629
GOLFE 5,GOLFE 5,GOLFE,AFLAO GAKLI,Grand Lomé,Assurance,Assur Invest,Amadahome,1.158949999999999,6.204565000000001
GOLFE 3,GOLFE 3,GOLFE,BE OUEST,Grand Lomé,Assurance,SOCAR Togo,Tokoin protestant,1.2048099999999995,6.1461533333333325
AGOE NYIVE 1,AGOE NYIVE 1,AGOE NYIVE,AGOE NYIVE,Grand Lomé,Assurance,ANOS,Anonmé,1.1827816666666655,6.211316666666667
GOLFE 3,GOLFE 3,GOLFE,BE OUEST,Grand Lomé,Assurance,Afrique Envergure Sarl,TOKOIN RAMCO,1.2199581991481316,6.144976987522064
GOLFE 4,GOLFE 4,GOLFE,AMOUTIVE,Grand Lomé,Assurance,Saeco Assurances,DECKON,1.2282249999999997,6.138470000000001
AGOE NYIVE 1,AGOE NYIVE 1,AGOE NYIVE,AGOE NYIVE,Grand Lomé,Assurance,Primus Courtier,SEPEREPE,1.2009366666666668,6.244696666666666
GOLFE 4,GOLFE 4,GOLFE,AMOUTIVE,Grand Lomé,Micro-Finance,Direction Nationale COOPEC-AD,KODJOVIACOPE,1.2033916666666664,6.119546666666667
GOLFE 1,GOLFE 1,GOLFE,BE EST,Grand Lomé,Assurance,NSIA Banque Akodessewa,AKODESSEWA ,1.267414999999999,6.155995
GOLFE 3,GOLFE 3,GOLFE,BE OUEST,Grand Lomé,Assurance,Sanlam GTA,AGBALEPEDOGAN,1.2107797,6.1916811
GOLFE 3,GOLFE 3,GOLFE,BE OUEST,Grand Lomé,Assurance,CIF-Vie Togo S.A,Atikoumè,1.2029399806539445,6.167255284205092
GOLFE 3,GOLFE 3,GOLFE,BE OUEST,Grand Lomé,Assurance,LC Assurance,KLIKAMÈ,1.2053931107341227,6.176976999701076
GOLFE 3,GOLFE 3,GOLFE,BE OUEST,Grand Lomé,Assurance,SIAR Assurance,TOKOIN TAME,1.2233313905161691,6.168148072124631
GOLFE 3,GOLFE 3,GOLFE,BE OUEST,Grand Lomé,Assurance,CAR.AF.E. Assurance,ADEWI,1.2098214081143377,6.162325180486899
GOLFE 5,GOLFE 5,GOLFE,AFLAO GAKLI,Grand Lomé,Assurance,SCAT Assurance,AGBALEPEDO,1.2001175582264891,6.184071108735669
GOLFE 5,GOLFE 5,GOLFE,AFLAO GAKLI,Grand Lomé,Assurance,CCM Assurance Avé Maria,AVE MARIA,1.183321513499177,6.175470574419579
GOLFE 4,GOLFE 4,GOLFE,AMOUTIVE,Grand Lomé,Assurance,Bellis Courtage Assurance,Kodjoviakopé,1.2127519999999994,6.1358684
GOLFE 1,GOLFE 1,GOLFE,BE EST,Grand Lomé,Micro-Finance,MECI de Be Kpota,MECI,1.2641033333333327,6.160768333333334
GOLFE 4,GOLFE 4,GOLFE,AMOUTIVE,Grand Lomé,Assurance,Gras Savoye,Hanoukopé,1.217001666666666,6.134925
GOLFE 3,GOLFE 3,GOLFE,BE OUEST,Grand Lomé,Assurance,ASCOMA,NIKONAKPOE ,1.202073333333333,6.149055
GOLFE 1,GOLFE 1,GOLFE,BE EST,Grand Lomé,Assurance,ARIA-Togo Akodessewa,AKODESSEWA ,1.2652766666666664,6.153990000000002
GOLFE 1,GOLFE 1,GOLFE,BE EST,Grand Lomé,Assurance,OLEA-Togo,BE PA DESUZA,1.2487166666666665,6.133033333333334
GOLFE 5,GOLFE 5,GOLFE,AFLAO GAKLI,Grand Lomé,Banque,NSIA Assurance Avé Maria,AVE MARIA ,1.1859034176359768,6.173244622853102
GOLFE 3,GOLFE 3,GOLFE,BE OUEST,Grand Lomé,Assurance,Societe Generale Internationale de Courtage (sgic Sarl),TOKOIN WUITI,1.2344707453584518,6.168483963572919
GOLFE 5,GOLFE 5,GOLFE,AFLAO GAKLI,Grand Lomé,Banque,UTB Adidoadin,ADIDOADIN,1.1899101106977108,6.20527813869813
GOLFE 3,GOLFE 3,GOLFE,BE OUEST,Grand Lomé,Assurance,SCA-Togo Agbalepedogan,AGBALPEDOGAN ,1.2067599999999994,6.184870000000001
GOLFE 3,GOLFE 3,GOLFE,BE OUEST,Grand Lomé,Micro-Finance,COOPEC-AD Ramco,TOKOIN RAMCO,1.2189766666666666,6.150776666666667
GOLFE 4,GOLFE 4,GOLFE,AMOUTIVE,Grand Lomé,Assurance,Fidelia Assurance Nyekonakpoè,NYEKONAKPOE,1.2128904412467998,6.130845094475759
GOLFE 4,GOLFE 4,GOLFE,AMOUTIVE,Grand Lomé,Assurance,SCA-Togo Kodjoviakope,KODJOVIAKOPE ,1.207428333333333,6.122498333333335
GOLFE 4,GOLFE 4,GOLFE,AMOUTIVE,Grand Lomé,Assurance,CARI Conseil,HANOUKOPE,1.2194981944364922,6.1357476430245965
GOLFE 1,GOLFE 1,GOLFE,BE EST,Grand Lomé,Assurance,A.C.A,Zousanetsime,1.2372279723486592,6.131139232834214
AGOE NYIVE 1,AGOE NYIVE 1,AGOE NYIVE,AGOE NYIVE,Grand Lomé,Assurance,BC2A Agbalépédogan,AGBALOPEDOGAN ,1.2038933333333333,6.200114999999999
AGOE NYIVE 3,AGOE NYIVE 3,AGOE NYIVE,VAKPOSSITO,Grand Lomé,Assurance,S2CA,LEO 2000,1.175019457887101,6.211470619946535
GOLFE 5,GOLFE 5,GOLFE,AFLAO GAKLI,Grand Lomé,Assurance,La Citoyenneté Vie,TOTSI ,1.1882950000000003,6.198784999999999
GOLFE 4,GOLFE 4,GOLFE,AMOUTIVE,Grand Lomé,Banque,Banque Atlantique Nyékonakpoè,Nyékonakpoè,1.2217881500060723,6.128869630544678
GOLFE 4,GOLFE 4,GOLFE,AMOUTIVE,Grand Lomé,Banque,UTB Circulaire,NYEKONAKPOE,1.2099416569012376,6.126683238406481
GOLFE 4,GOLFE 4,GOLFE,AMOUTIVE,Grand Lomé,Assurance,NSIA Assurance Dékon,DEKON,1.2232397053236566,6.134105981293428
AGOE NYIVE 1,AGOE NYIVE 1,AGOE NYIVE,AGOE NYIVE,Grand Lomé,Banque,UTB ADidoadin,ADIDOADIN,1.1896800177043505,6.206290569555356
GOLFE 4,GOLFE 4,GOLFE,AMOUTIVE,Grand Lomé,Banque,UTB Adawlato,ADAWLATO,1.224622807087213,6.124833730714366
GOLFE 5,GOLFE 5,GOLFE,AFLAO GAKLI,Grand Lomé,Assurance,SUNU Assurance Avedji,Avédji,1.170685791629736,6.199482938241073
AGOE NYIVE 1,AGOE NYIVE 1,AGOE NYIVE,AGOE NYIVE,Grand Lomé,Banque,UTB Agoe Nyive,AGOE CACAVELI,1.2084511367284805,6.218005401631653
GOLFE 3,GOLFE 3,GOLFE,BE OUEST,Grand Lomé,Banque,UTB Campus,ADEWUI,1.2133054519324866,6.1629308680804575
GOLFE 4,GOLFE 4,GOLFE,AMOUTIVE,Grand Lomé,Banque,UTB Media Plus,DEKON,1.2271566666666671,6.1366266666666665
GOLFE 4,GOLFE 4,GOLFE,AMOUTIVE,Grand Lomé,Banque,UTB Boulevard Est,Zousanetsime,1.236695908693323,6.131126605295462
GOLFE 7,GOLFE 7,GOLFE,AFLAO SAGBADO,Grand Lomé,Micro-Finance,CEC Canaan Wognomé,WOGNOME,1.1591475220721204,6.184364091725218
GOLFE 5,GOLFE 5,GOLFE,AFLAO GAKLI,Grand Lomé,Micro-Finance,CEC Canaan Agbalépédogan,AGBALEPEDOGAN,1.2007805406182095,6.187290776485152
AGOE NYIVE 6,AGOE NYIVE 6,AGOE NYIVE,ADETIKOPE,Grand Lomé,Micro-Finance,MECI Adétikopé,ADETIKOPE,1.2194299999999996,6.320585000000002
GOLFE 6,GOLFE 6,GOLFE,BAGUIDA,Grand Lomé,Banque,SUNU Bank Baguida,BAGUIDA ,1.3257749999999997,6.164790000000002
GOLFE 5,GOLFE 5,GOLFE,AFLAO GAKLI,Grand Lomé,Banque,BTCI Amadahome,AMADAHOME ,1.165753912281195,6.203577734118557
GOLFE 6,GOLFE 6,GOLFE,BAGUIDA,Grand Lomé,Micro-Finance,COECEPT Baguida,Luxolin,1.3145200000000006,6.161278333333338
GOLFE 1,GOLFE 1,GOLFE,BE EST,Grand Lomé,Micro-Finance,COOPEC la destinee,BE,1.2475947877105835,6.146889860294243
GOLFE 3,GOLFE 3,GOLFE,BE OUEST,Grand Lomé,Micro-Finance,SICAB Adewi,ADEWI,1.214881262557466,6.161662807231937
GOLFE 5,GOLFE 5,GOLFE,AFLAO GAKLI,Grand Lomé,Mutuelle,Mutuelle ASJD Agbalépédogan,AGBALEPEDOGAN,1.2010668058288432,6.19747982118969
GOLFE 5,GOLFE 5,GOLFE,AFLAO GAKLI,Grand Lomé,Micro-Finance,FUCEC Togo Togo Totsi,TOTSI,1.1882061466560967,6.19601654280304
GOLFE 5,GOLFE 5,GOLFE,AFLAO GAKLI,Grand Lomé,Micro-Finance,Assilassime Solidarité,Adidogomé la pampa,1.1703569145583557,6.181991516618309
GOLFE 1,GOLFE 1,GOLFE,BE EST,Grand Lomé,Micro-Finance,Microfinance Alida,BE MARCHE,1.2444410674830826,6.142880633563677
GOLFE 6,GOLFE 6,GOLFE,BAGUIDA,Grand Lomé,Micro-Finance,COCPAV Logoté,LOGOTE,1.312928333333334,6.174758333333335
GOLFE 1,GOLFE 1,GOLFE,BE EST,Grand Lomé,Micro-Finance,FABES Microfinance de Be Kpehenou,N/a,1.2402966666666664,6.1400183333333365
GOLFE 7,GOLFE 7,GOLFE,AFLAO SAGBADO,Grand Lomé,Micro-Finance,Institution de Microfinance CECL Yokoe,YOKOE,1.1587770362263103,6.182103747239964
GOLFE 1,GOLFE 1,GOLFE,BE EST,Grand Lomé,Micro-Finance,Coopérative ICEC,KEGUE ,1.2397822265344405,6.209457168642274
GOLFE 6,GOLFE 6,GOLFE,BAGUIDA,Grand Lomé,Micro-Finance,MECPIP Avépozo,AVEPOZO,1.3456301994824706,6.169654906536292
AGOE NYIVE 1,AGOE NYIVE 1,AGOE NYIVE,AGOE NYIVE,Grand Lomé,Micro-Finance,COOPEC la Fructueuse,Agoe houmbi,1.2124866666666676,6.226266666666667
AGOE NYIVE 1,AGOE NYIVE 1,AGOE NYIVE,AGOE NYIVE,Grand Lomé,Banque,BSIC Agoe,ATCHANVÉ,1.2108376021568683,6.231228399372045
AGOE NYIVE 1,AGOE NYIVE 1,AGOE NYIVE,AGOE NYIVE,Grand Lomé,Micro-Finance,Mutuelle CEF-MF,AGBALEPEDOGAN,1.2025874579982947,6.199907615734126
GOLFE 5,GOLFE 5,GOLFE,AFLAO GAKLI,Grand Lomé,Assurance,Sanlam Lomégan,LOMEGAN,1.199619301472088,6.182556180780277
GOLFE 5,GOLFE 5,GOLFE,AFLAO GAKLI,Grand Lomé,Assurance,Sanlam Totsi,TOTSI,1.1917883333333334,6.191060000000004
AGOE NYIVE 1,AGOE NYIVE 1,AGOE NYIVE,AGOE NYIVE,Grand Lomé,Assurance,Sanlam Agbalepedogan,AGBALEPEDOGAN,1.1974511075200136,6.200137116775405
GOLFE 5,GOLFE 5,GOLFE,AFLAO GAKLI,Grand Lomé,Micro-Finance,Microfinance MECPIP de Agbalepedogan,AGBALEPEDOGAN,1.2000078493982804,6.198062968375543
GOLFE 5,GOLFE 5,GOLFE,AFLAO GAKLI,Grand Lomé,Banque,ECOBANK Totsi,TOTSI,1.1904766666666653,6.192615000000001
GOLFE 3,GOLFE 3,GOLFE,BE OUEST,Grand Lomé,Banque,BTCI Agbalépédogan,AGBALEPEDOGAN,1.2083282961381128,6.189404177138022
GOLFE 3,GOLFE 3,GOLFE,BE OUEST,Grand Lomé,Banque,ORABANK Agbalépédo,AGBALEPEDOGAN,1.2084100036017402,6.191995925975263
GOLFE 5,GOLFE 5,GOLFE,AFLAO GAKLI,Grand Lomé,Micro-Finance,COFEC Microfinance,AVEDJI,1.175787353659835,6.18820901685639
GOLFE 5,GOLFE 5,GOLFE,AFLAO GAKLI,Grand Lomé,Mutuelle,Mutuelle ASJD Avédji,AVEDJI,1.1727522871420653,6.202515205071812
GOLFE 5,GOLFE 5,GOLFE,AFLAO GAKLI,Grand Lomé,Micro-Finance,WAGES Adidogome,Adidogomé ,1.1699902659280903,6.182166390744935
GOLFE 3,GOLFE 3,GOLFE,BE OUEST,Grand Lomé,Micro-Finance,COOPEC Echoppe,AMOUTIEVE TRESOR ,1.217433513965792,6.152477349688095
GOLFE 5,GOLFE 5,GOLFE,AFLAO GAKLI,Grand Lomé,Micro-Finance,FINAM Agence Madiba,Madiba,1.1483424531289623,6.200279609307422
GOLFE 5,GOLFE 5,GOLFE,AFLAO GAKLI,Grand Lomé,Micro-Finance,COOPEC Ave Agence Adidogome,Adidogomé ,1.16004889047566,6.190529656270431
GOLFE 5,GOLFE 5,GOLFE,AFLAO GAKLI,Grand Lomé,Banque,BSIC Adidogome,Adidogomé ,1.166512507173074,6.185385858421808
GOLFE 5,GOLFE 5,GOLFE,AFLAO GAKLI,Grand Lomé,Micro-Finance,COOPEC Solidarite,Adidogomé ,1.1691624091622577,6.183092876351627
GOLFE 5,GOLFE 5,GOLFE,AFLAO GAKLI,Grand Lomé,Banque,BTCI Adidogome,ADIDOGOME ,1.1708190706131802,6.18165400741941
GOLFE 5,GOLFE 5,GOLFE,AFLAO GAKLI,Grand Lomé,Micro-Finance,Microfinance Adidogome,ADIDOGOME ,1.170916666666666,6.181045000000002
GOLFE 5,GOLFE 5,GOLFE,AFLAO GAKLI,Grand Lomé,Banque,Banque Atlantique Adidogome,Adidogomé ,1.181332273937717,6.1758502449501975
GOLFE 5,GOLFE 5,GOLFE,AFLAO GAKLI,Grand Lomé,Banque,ORABANK Adidogome,Adidogomé ,1.181623994244117,6.175696361831756
GOLFE 5,GOLFE 5,GOLFE,AFLAO GAKLI,Grand Lomé,Micro-Finance,COOPEC Grâce plus Aménopé,ADIDOGOME AMENOPE ,1.1522450000000006,6.197245
GOLFE 7,GOLFE 7,GOLFE,AFLAO SAGBADO,Grand Lomé,Micro-Finance,Ardi-mec Togo Adidogome Assiyeye,ADIDOGOME ASSIYEYE,1.150026666666667,6.198334999999999
GOLFE 1,GOLFE 1,GOLFE,BE EST,Grand Lomé,Assurance,Sanlam Bé,BE,1.238246730006049,6.13903127691597
GOLFE 1,GOLFE 1,GOLFE,BE EST,Grand Lomé,Micro-Finance,Echoppe Togo,DZIFA KPOTA,1.2743646772516546,6.167264773667549
GOLFE 5,GOLFE 5,GOLFE,AFLAO GAKLI,Grand Lomé,Banque,BTCI ADidogome Assiyeye,ADIDOGOME ASSIYEYE ,1.147541666666667,6.201183333333333
GOLFE 5,GOLFE 5,GOLFE,AFLAO GAKLI,Grand Lomé,Micro-Finance,Microfinance FINAM Adidogome Madiba,ADIDOGOME MADIBA ,1.1483633333333327,6.200508333333335
GOLFE 7,GOLFE 7,GOLFE,AFLAO SAGBADO,Grand Lomé,Micro-Finance,Microfinance MECPIPI,WOGNOME,1.1514066666666665,6.190565000000001
GOLFE 3,GOLFE 3,GOLFE,BE OUEST,Grand Lomé,Micro-Finance,COOPEC AD Agence Ramco,Tokoin Ramco,1.218779190487734,6.150681666599552
GOLFE 5,GOLFE 5,GOLFE,AFLAO GAKLI,Grand Lomé,Banque,ECOBANK Adidogome Amadahome,ADIDOGOME AMADAHOME,1.1526131757897875,6.196868748346697
GOLFE 5,GOLFE 5,GOLFE,AFLAO GAKLI,Grand Lomé,Banque,ORABANK Agence Avedji,Avédji Limousine ,1.1811524606063122,6.202041714037279
GOLFE 5,GOLFE 5,GOLFE,AFLAO GAKLI,Grand Lomé,Banque,BSIC Adidogome Assiyeye,Adidogomé Assiyéyé,1.1484432876078905,6.201284174144931
GOLFE 5,GOLFE 5,GOLFE,AFLAO GAKLI,Grand Lomé,Banque,SUNU Bank Agence Adidogome,Adidogomé ,1.1659948005766052,6.185368726602131
GOLFE 5,GOLFE 5,GOLFE,AFLAO GAKLI,Grand Lomé,Assurance,NSIA Assurance Adidogome,Adidogomé ,1.172868315007228,6.179892249088729
GOLFE 5,GOLFE 5,GOLFE,AFLAO GAKLI,Grand Lomé,Assurance,GTA Assurance Adidogomé,Adidogomé ,1.176792570206645,6.178137602756356
GOLFE 5,GOLFE 5,GOLFE,AFLAO GAKLI,Grand Lomé,Micro-Finance,FINAM Agence Principale,Adidogomé ,1.1811310347589885,6.175399463908128
GOLFE 5,GOLFE 5,GOLFE,AFLAO GAKLI,Grand Lomé,Assurance,Sanlam Adidogome,Adidogomé ,1.181027842881429,6.175784775799637
GOLFE 5,GOLFE 5,GOLFE,AFLAO GAKLI,Grand Lomé,Banque,BIA Togo Adidogome,Adidogomé ,1.181610098445674,6.175221581533679
GOLFE 5,GOLFE 5,GOLFE,AFLAO GAKLI,Grand Lomé,Micro-Finance,Mutuelle Nevaeme,Adinamoto,1.1958422254864731,6.170243228328728
GOLFE 3,GOLFE 3,GOLFE,BE OUEST,Grand Lomé,Banque,BSIC Klikame,Klikamé,1.2053861993756263,6.179581433077906
AGOE NYIVE 4,AGOE NYIVE 4,AGOE NYIVE,TOGBLEKOPE,Grand Lomé,Micro-Finance,Mutuelle la Dignite,ZONGO,1.2035333333333331,6.256128333333337
AGOE NYIVE 1,AGOE NYIVE 1,AGOE NYIVE,AGOE NYIVE,Grand Lomé,Micro-Finance,COOPAD Agoe Zongo,AGOE ZONGO,1.2085516666666665,6.251594999999999
GOLFE 1,GOLFE 1,GOLFE,BE EST,Grand Lomé,Micro-Finance,COOPEC Maturite,BE,1.24267312674284,6.142242588829827
GOLFE 4,GOLFE 4,GOLFE,AMOUTIVE,Grand Lomé,Banque,CORIS Bank Attikoumé,Attikoumé,1.2025330078353182,6.165553825072307
AGOE NYIVE 4,AGOE NYIVE 4,AGOE NYIVE,TOGBLEKOPE,Grand Lomé,Banque,IB Bank Haoussa-Zongo,HAOUSSA-ZONGO,1.2077716666666671,6.260926666666666
AGOE NYIVE 1,AGOE NYIVE 1,AGOE NYIVE,AGOE NYIVE,Grand Lomé,Micro-Finance,La Pyramide Sarl,ATSANVE,1.2264462067175177,6.221909743450495
AGOE NYIVE 1,AGOE NYIVE 1,AGOE NYIVE,AGOE NYIVE,Grand Lomé,Micro-Finance,Microfinance WAGES,ATSANVE,1.2114069545005897,6.228957095770304
AGOE NYIVE 1,AGOE NYIVE 1,AGOE NYIVE,AGOE NYIVE,Grand Lomé,Banque,SUNU Bank Agence Agoe,AGOE COMMISSARIAT,1.2108834537529962,6.231028294606337
GOLFE 4,GOLFE 4,GOLFE,AMOUTIVE,Grand Lomé,Banque,BSIC Nyekonakpoè,Nyekonakpoè,1.2093230045469638,6.126545552408166
AGOE NYIVE 4,AGOE NYIVE 4,AGOE NYIVE,TOGBLEKOPE,Grand Lomé,Banque,SPT Zongo,HAOUSSA ZONGO,1.2093899999999995,6.253803333333334
AGOE NYIVE 1,AGOE NYIVE 1,AGOE NYIVE,AGOE NYIVE,Grand Lomé,Micro-Finance,COOPEC DECA,AGOE ZONGO,1.1980583333333326,6.250081666666668
AGOE NYIVE 1,AGOE NYIVE 1,AGOE NYIVE,AGOE NYIVE,Grand Lomé,Micro-Finance,IFRJRJRJ,N/a,1.2126316666666663,6.230813333333335
AGOE NYIVE 1,AGOE NYIVE 1,AGOE NYIVE,AGOE NYIVE,Grand Lomé,Micro-Finance,Microfinance MECI Agoe demakpoe,AGOE DEMAKPOE,1.2037772307917702,6.239011788598628
AGOE NYIVE 1,AGOE NYIVE 1,AGOE NYIVE,AGOE NYIVE,Grand Lomé,Micro-Finance,COOPEC AD Agoe Assiyeye,AGOE ASSIYEYE,1.1956533333333323,6.2311266666666665
GOLFE 5,GOLFE 5,GOLFE,AFLAO GAKLI,Grand Lomé,Micro-Finance,Microfinance CECA ADidogome,ADIDOGOME ,1.1534599999999993,6.195856666666667
GOLFE 7,GOLFE 7,GOLFE,AFLAO SAGBADO,Grand Lomé,Micro-Finance,WAGES Avoeme,AVOEME ,1.1362234349880922,6.193568189338821
GOLFE 7,GOLFE 7,GOLFE,AFLAO SAGBADO,Grand Lomé,Assurance,Sanlam Segbe,SEGBE,1.1223945384423228,6.193408575739667
AGOE NYIVE 1,AGOE NYIVE 1,AGOE NYIVE,AGOE NYIVE,Grand Lomé,Micro-Finance,Microfinance COECEB Agoè Gbonvé,Agoé gbonvé,1.184011666666667,6.217353333333333
AGOE NYIVE 1,AGOE NYIVE 1,AGOE NYIVE,AGOE NYIVE,Grand Lomé,Micro-Finance,Millenium Microfinance Atchanve,ATCHANVE,1.2104149999999994,6.230698333333336
GOLFE 4,GOLFE 4,GOLFE,AMOUTIVE,Grand Lomé,Banque,SPT Nyekonakpoe,NYEKONAKPOE,1.2090533333333338,6.127418333333331
AGOE NYIVE 4,AGOE NYIVE 4,AGOE NYIVE,TOGBLEKOPE,Grand Lomé,Micro-Finance,Club Entraide Sans Frontière Microfinance,ZONGO,1.2080933333333337,6.257508333333334
AGOE NYIVE 1,AGOE NYIVE 1,AGOE NYIVE,AGOE NYIVE,Grand Lomé,Micro-Finance,COOPEC AD Atchanve,ATCHANVE,1.215873333333333,6.22516
AGOE NYIVE 1,AGOE NYIVE 1,AGOE NYIVE,AGOE NYIVE,Grand Lomé,Banque,Banque Atlantique Agoè plantation,AGOE PLANTATION,1.210315,6.234141666666671
GOLFE 1,GOLFE 1,GOLFE,BE EST,Grand Lomé,Banque,Banque Atlantique Ahadji-Kpota,AHADJI-KPOTA,1.284411532906097,6.158952552228888
GOLFE 1,GOLFE 1,GOLFE,BE EST,Grand Lomé,Banque,Banque SAB,AHADJI-KPOTA,1.283915322411816,6.158843175762937
GOLFE 1,GOLFE 1,GOLFE,BE EST,Grand Lomé,Micro-Finance,FINAM de Be Kpota,BE KPOTA,1.2647203559983111,6.161233471849637
GOLFE 4,GOLFE 4,GOLFE,AMOUTIVE,Grand Lomé,Banque,BCEAO Nyékonakpoè,Nyékonakpoè,1.2123360258696294,6.127253059898546
GOLFE 1,GOLFE 1,GOLFE,BE EST,Grand Lomé,Micro-Finance,Microfinance Millenium Akodessewa,AKODESSEWA ,1.2520761090457726,6.149492518364627
GOLFE 1,GOLFE 1,GOLFE,BE EST,Grand Lomé,Micro-Finance,COOPEC Solidarite Bè-Est,AGODESEWA,1.2602327242222342,6.151410343314092
GOLFE 1,GOLFE 1,GOLFE,BE EST,Grand Lomé,Micro-Finance,COOPEC Ave Bèkpota,BEKPOTA,1.2664766666666665,6.162791666666666
GOLFE 1,GOLFE 1,GOLFE,BE EST,Grand Lomé,Micro-Finance,COCEC Anfame,ANFAME,1.27659,6.165016666666668
GOLFE 6,GOLFE 6,GOLFE,BAGUIDA,Grand Lomé,Micro-Finance,COOPEC Solidarite Baguida,Nsp,1.30127394781389,6.168981693684939
GOLFE 2,GOLFE 2,GOLFE,BE CENTRE,Grand Lomé,Micro-Finance,COCEC Atiegougan,ATIEGOUGAN,1.2585695750803578,6.193655274980941
GOLFE 1,GOLFE 1,GOLFE,BE EST,Grand Lomé,Banque,SPT Adakpame,ADAKPAME,1.2894333333333332,6.170184999999998
GOLFE 3,GOLFE 3,GOLFE,BE OUEST,Grand Lomé,Banque,UTB Tokoin Tresor,TOKOIN trésor,1.2172633333333331,6.153320000000002
GOLFE 1,GOLFE 1,GOLFE,BE EST,Grand Lomé,Banque,Banque Atlantique de Lomé Port,LOME PORT,1.275309893948456,6.143484596492329
GOLFE 3,GOLFE 3,GOLFE,BE OUEST,Grand Lomé,Banque,UTB Adewui,Adewui ,1.2151359741409398,6.161748001191442
GOLFE 3,GOLFE 3,GOLFE,BE OUEST,Grand Lomé,Micro-Finance,Micro_finance ICEC,GBOVIE,1.220592547128789,6.152418507787813
VO 4,VO 4,VO,HAHOTOE,Maritime intérieur,Banque,SPT Hahotoe,HAHOTOE,1.4089583333333326,6.361458333333332
GOLFE 3,GOLFE 3,GOLFE,BE OUEST,Grand Lomé,Micro-Finance,COOPEC TRASSTO,Tokoin soted,1.2247502721925536,6.149371513360616
GOLFE 3,GOLFE 3,GOLFE,BE OUEST,Grand Lomé,Banque,Banque Atlantique Tokoin SOTED,TOKOIN SOTED,1.2212965339820714,6.152278277956703
GOLFE 3,GOLFE 3,GOLFE,BE OUEST,Grand Lomé,Banque,ORABANK Tokoin,TOKOIN SOTED,1.2191920000000005,6.1485001
GOLFE 1,GOLFE 1,GOLFE,BE EST,Grand Lomé,Micro-Finance,Microfinance la Rosee de Dieu,ADIDOME,1.2709849999999996,6.1719833333333325
GOLFE 1,GOLFE 1,GOLFE,BE EST,Grand Lomé,Banque,MECIT BE-KPOTA,Be kpota,1.263561666666666,6.158953333333335
GOLFE 1,GOLFE 1,GOLFE,BE EST,Grand Lomé,Micro-Finance,WAGES Akodessewa,AKODESSEWA ,1.266705,6.153173333333331
GOLFE 1,GOLFE 1,GOLFE,BE EST,Grand Lomé,Micro-Finance,Mutuelle Nevaeme,N/a,1.2546416666666669,6.15032
GOLFE 3,GOLFE 3,GOLFE,BE OUEST,Grand Lomé,Banque,CORIS Bank International,TOKOIN ,1.2227248052125623,6.164337860272213
GOLFE 1,GOLFE 1,GOLFE,BE EST,Grand Lomé,Banque,ECOBANK d'Akodessewa,AKODESSEWA,1.2657853626122717,6.15309018801826
GOLFE 1,GOLFE 1,GOLFE,BE EST,Grand Lomé,Banque,SPT Dzifa Kpota,DZIFA KPOTA,1.269995,6.164911666666665
GOLFE 4,GOLFE 4,GOLFE,AMOUTIVE,Grand Lomé,Banque,NSIA Banque - Direction générale,DEKON ,1.2280632684965314,6.1366200384195695
GOLFE 6,GOLFE 6,GOLFE,BAGUIDA,Grand Lomé,Banque,ECOBANK Baguida,BAGUIDA,1.3269297744176531,6.164330909226384
GOLFE 1,GOLFE 1,GOLFE,BE EST,Grand Lomé,Banque,UTB Be Kpota,BE KPOTA,1.255043333333333,6.1581
GOLFE 2,GOLFE 2,GOLFE,BE CENTRE,Grand Lomé,Banque,UTB Hedzranawo,HÉDZRANAWOE ,1.2404883333333334,6.182610000000001
GOLFE 2,GOLFE 2,GOLFE,BE CENTRE,Grand Lomé,Banque,UTB Novissi Jean Paul 2,NOVISSI ,1.2345683333333335,6.174466666666666
AGOE NYIVE 2,AGOE NYIVE 2,AGOE NYIVE,LEGBASSITO,Grand Lomé,Micro-Finance,UMECTO Zossime,ZOSSIME,1.1533418882286626,6.233313818374659
GOLFE 3,GOLFE 3,GOLFE,BE OUEST,Grand Lomé,Banque,UTB Sgi,GTA,1.2123085932812612,6.188188307046548
GOLFE 3,GOLFE 3,GOLFE,BE OUEST,Grand Lomé,Banque,UTB Cadastre,ADEWUI,1.2203616666666663,6.163129999999999
GOLFE 4,GOLFE 4,GOLFE,AMOUTIVE,Grand Lomé,Banque,UTB Kwadjoviakope,Kwadjoviakope,1.1997333333333329,6.113686666666665
GOLFE 5,GOLFE 5,GOLFE,AFLAO GAKLI,Grand Lomé,Banque,UTB Adidogome,ADIDOGOME,1.1844361581704723,6.173938606467558
AGOE NYIVE 5,AGOE NYIVE 5,AGOE NYIVE,SANGUERA,Grand Lomé,Micro-Finance,WAGES Sanguera,SANGUERA,1.11705832245944,6.227764718190804
AGOE NYIVE 5,AGOE NYIVE 5,AGOE NYIVE,SANGUERA,Grand Lomé,Micro-Finance,FUCEC Togo -Togo COOPEC Akepe,SANGUERA,1.1163963879472318,6.228350320064125
AGOE NYIVE 5,AGOE NYIVE 5,AGOE NYIVE,SANGUERA,Grand Lomé,Micro-Finance,COOPEC Grace Plus Agningbe,AGNINGBE,1.1125100000000006,6.2301
AGOE NYIVE 5,AGOE NYIVE 5,AGOE NYIVE,SANGUERA,Grand Lomé,Micro-Finance,WAGES Zossime,ZOSSIME,1.150194652967041,6.232699922230927
AGOE NYIVE 2,AGOE NYIVE 2,AGOE NYIVE,LEGBASSITO,Grand Lomé,Micro-Finance,FUCEC Togo Zossime,ZOSSIME,1.1515290669422864,6.234060848226777
AGOE NYIVE 3,AGOE NYIVE 3,AGOE NYIVE,VAKPOSSITO,Grand Lomé,Micro-Finance,CEC Canaan Assigomé,ASSIGOME,1.1588102180357074,6.227470793061823
AGOE NYIVE 3,AGOE NYIVE 3,AGOE NYIVE,VAKPOSSITO,Grand Lomé,Micro-Finance,Assilassime Solidarite Agence Vakpossito,VAKPOSSITO ,1.163551666666666,6.217833333333336
GOLFE 4,GOLFE 4,GOLFE,AMOUTIVE,Grand Lomé,Banque,ORABANK Awsivito,Awsivito,1.2225614917085577,6.130712869496344
GOLFE 4,GOLFE 4,GOLFE,AMOUTIVE,Grand Lomé,Banque,BIA Togo Amoutivé,AMOUTIEVE,1.2228141094151594,6.13506543409183
GOLFE 4,GOLFE 4,GOLFE,AMOUTIVE,Grand Lomé,Banque,SUNU Bank Hanoukopé,Hanoukopé,1.2190643228780644,6.135189608577579
GOLFE 4,GOLFE 4,GOLFE,AMOUTIVE,Grand Lomé,Banque,BIDC,DOULASSAME,1.2244005557775837,6.136271742995631
GOLFE 4,GOLFE 4,GOLFE,AMOUTIVE,Grand Lomé,Micro-Finance,COFINA,Kodjoviakopé,1.2099160178596031,6.121898012826782
GOLFE 1,GOLFE 1,GOLFE,BE EST,Grand Lomé,Banque,CORIS Bank Dekon,Dekon,1.2356251122972517,6.133650520545244
GOLFE 4,GOLFE 4,GOLFE,AMOUTIVE,Grand Lomé,Banque,BOA Adawalto,ADAWALTO,1.22426464353923,6.122767502988975
GOLFE 3,GOLFE 3,GOLFE,BE OUEST,Grand Lomé,Micro-Finance,FUCEC Togo Attikoumé,Attikoumé,1.2028448122307285,6.167350061998798
KERAN 1,KERAN 1,KERAN,KANTE,Kara,Micro-Finance,Promo Finance Kanté,KANTE,1.0474316666666663,9.947216666666668
AGOE NYIVE 6,AGOE NYIVE 6,AGOE NYIVE,ADETIKOPE,Grand Lomé,Micro-Finance,Club Entraide Sans Frontiere Microfinance( CEF-MF),ADETICOPE ,1.2177033333333331,6.324043333333334
AGOE NYIVE 6,AGOE NYIVE 6,AGOE NYIVE,ADETIKOPE,Grand Lomé,Banque,SPT Adeticope,ADETICOPE ,1.2168721067236126,6.3177049514139645
AGOE NYIVE 6,AGOE NYIVE 6,AGOE NYIVE,ADETIKOPE,Grand Lomé,Micro-Finance,FEDES Togo,ADETICOPE ,1.217698333333333,6.317366666666667
DANKPEN 1,DANKPEN 1,DANKPEN,GUERIN KOUKA,Kara,Banque,SPT Guerin Kouka,GUÉRIN KOUKA ,0.608898333333334,9.685076666666664
AGOE NYIVE 1,AGOE NYIVE 1,AGOE NYIVE,AGOE NYIVE,Grand Lomé,Micro-Finance,ASJD LEO 2000,LOE 2000,1.1770465339023344,6.211399000763923
AGOE NYIVE 3,AGOE NYIVE 3,AGOE NYIVE,VAKPOSSITO,Grand Lomé,Micro-Finance,Microfinance Trinité,VAKPOSITO,1.1596863227492002,6.218510565819639
AGOE NYIVE 3,AGOE NYIVE 3,AGOE NYIVE,VAKPOSSITO,Grand Lomé,Banque,DSA Bank Vakpossito,VAKPOSITO,1.1593217627558794,6.219090565016318
AGOE NYIVE 5,AGOE NYIVE 5,AGOE NYIVE,SANGUERA,Grand Lomé,Micro-Finance,Microfinance MEDAD,VAKPOSITO,1.1525749999999997,6.218509999999998
AGOE NYIVE 3,AGOE NYIVE 3,AGOE NYIVE,VAKPOSSITO,Grand Lomé,Micro-Finance,Microfinance Ardi-mec,VAKPOSITO,1.1607790281442616,6.2136982237047125
GOLFE 5,GOLFE 5,GOLFE,AFLAO GAKLI,Grand Lomé,Micro-Finance,Microfinance COCEC,VAKPOSITO,1.1580462648295022,6.210326028711114
KERAN 1,KERAN 1,KERAN,KANTE,Kara,Banque,SPT Kanté,KANTE,1.0474900000000005,9.959381666666664
KERAN 1,KERAN 1,KERAN,KANTE,Kara,Micro-Finance,FUCEC Togo Kante,KANTE,1.0457083333333328,9.958663333333334
KERAN 1,KERAN 1,KERAN,KANTE,Kara,Banque,SUNU Bank Kanté,KANTE,1.053913333333333,9.957055000000002
KERAN 1,KERAN 1,KERAN,KANTE,Kara,Micro-Finance,MUFEC Kanté,KANTE,1.048891666666666,9.958885
ZIO 2,ZIO 2,ZIO,KOVIE,Maritime intérieur,Micro-Finance,FECECAV Kovie,KOVIE,1.107539923832058,6.341032485208888
KERAN 1,KERAN 1,KERAN,KANTE,Kara,Banque,ORABANK Kanté,KANTE,1.0468766666666662,9.952220000000002
KERAN 1,KERAN 1,KERAN,KANTE,Kara,Banque,UTB Kante,KANTE,1.046411666666666,9.958818333333332
KOZAH 2,KOZAH 2,KOZAH,PYA,Kara,Banque,UTB Pya,LAO ,1.14661702228107,9.6474589337942
KOZAH 2,KOZAH 2,KOZAH,PYA,Kara,Banque,SPT Pya,AKEI,1.144356666666667,9.65284666666667
KOZAH 1,KOZAH 1,KOZAH,COMMUNE DE KARA,Kara,Banque,BOA Ewoou,Ewoou,1.1897493993518578,9.549259674086525
KOZAH 1,KOZAH 1,KOZAH,COMMUNE DE KARA,Kara,Banque,SPT Welade,WELADE,1.189634878046256,9.54998202102313
KOZAH 1,KOZAH 1,KOZAH,COMMUNE DE KARA,Kara,Micro-Finance,CAVEC Lidaw,Patascom,1.189143436142396,9.54471760300309
KOZAH 1,KOZAH 1,KOZAH,COMMUNE DE KARA,Kara,Banque,CORIS Bank Cofake,Cofake,1.196452446855992,9.54879200653476
KOZAH 1,KOZAH 1,KOZAH,COMMUNE DE KARA,Kara,Banque,BIA Togo Ewonou,Ewowou,1.1925355239357285,9.54734474775011
KOZAH 1,KOZAH 1,KOZAH,COMMUNE DE KARA,Kara,Banque,SPT Cofac,COFAC,1.1948716666666663,9.548288333333334
KOZAH 1,KOZAH 1,KOZAH,COMMUNE DE KARA,Kara,Banque,ORABANK Ewoou,Ewoou,1.189048978348377,9.55054805998585
KOZAH 1,KOZAH 1,KOZAH,COMMUNE DE KARA,Kara,Banque,NSIA Banque Ewoou,EWOOU,1.1902546966948893,9.54791851272773
KOZAH 1,KOZAH 1,KOZAH,COMMUNE DE KARA,Kara,Banque,ECOBANK Ewoou,EWOOU,1.1899261329472668,9.548949901652454
KOZAH 1,KOZAH 1,KOZAH,COMMUNE DE KARA,Kara,Banque,Banque Atlantique Kpingning-Boua,KPINGNING-BOUA,1.1891291021417325,9.550378425580172
ASSOLI 1,ASSOLI 1,ASSOLI,BAFILO,Kara,Micro-Finance,Cef Microfinance Bafilo,KIAYAKOUDJO,1.2453006548593477,9.35139418329441
ASSOLI 1,ASSOLI 1,ASSOLI,BAFILO,Kara,Banque,SPT Bafilo,N'KASSAIDE,1.2426567541740527,9.35663883344696
ASSOLI 1,ASSOLI 1,ASSOLI,BAFILO,Kara,Micro-Finance,COOPEC Ariziki,N'KASSAIDE ,1.241955,9.35788333333333
KOZAH 1,KOZAH 1,KOZAH,COMMUNE DE KARA,Kara,Micro-Finance,COMEC Kara Camp Général Ameyi,LAMA,1.1779250000000006,9.570435000000002
KOZAH 1,KOZAH 1,KOZAH,COMMUNE DE KARA,Kara,Banque,UTB Kara,Kpemboa,1.183997811949712,9.557224354969131
ASSOLI 1,ASSOLI 1,ASSOLI,BAFILO,Kara,Micro-Finance,Promofinance Bafilo,N'KASSAIDE,1.2436866666666664,9.353026666666668
ASSOLI 1,ASSOLI 1,ASSOLI,BAFILO,Kara,Micro-Finance,MUCAD Bafilo,N'KASSAIDE ,1.2439943257280484,9.354090029712957
KOZAH 1,KOZAH 1,KOZAH,COMMUNE DE KARA,Kara,Banque,ORABANK Ewaou,EWAOU,1.1864912624891424,9.549658000938429
KOZAH 2,KOZAH 2,KOZAH,PYA,Kara,Micro-Finance,Promofinance Ténouyo,TENOUYO,1.151751363056403,9.662645505430786
KOZAH 2,KOZAH 2,KOZAH,PYA,Kara,Banque,SUNU Bank Pya,Djamdè,1.1563300000000003,9.667835000000002
DANKPEN 1,DANKPEN 1,DANKPEN,GUERIN KOUKA,Kara,Micro-Finance,Assoli,GUÉRIN KOUKA ,0.6067900000000003,9.687836666666666
ASSOLI 1,ASSOLI 1,ASSOLI,BAFILO,Kara,Micro-Finance,COOPEC ADESEM Bafilo,DIDAOURE,1.2473149999999995,9.350101666666664
ASSOLI 1,ASSOLI 1,ASSOLI,BAFILO,Kara,Banque,SUNU Bank Bafilo,KPARATAO,1.2465922377779206,9.363648840406382
KOZAH 1,KOZAH 1,KOZAH,COMMUNE DE KARA,Kara,Micro-Finance,Promo Finance Kara,Tomdè,1.190335,9.549825
KOZAH 1,KOZAH 1,KOZAH,COMMUNE DE KARA,Kara,Micro-Finance,MUFEC Lama,EWAOU,1.193238333333333,9.545616666666666
KOZAH 1,KOZAH 1,KOZAH,COMMUNE DE KARA,Kara,Micro-Finance,FUCEC Togo Kara,N/a,1.1895597196310683,9.54599481642617
KOZAH 1,KOZAH 1,KOZAH,COMMUNE DE KARA,Kara,Micro-Finance,Promo Finance Tomdè,TOMDE,1.1929045224519192,9.55893971986101
DANKPEN 1,DANKPEN 1,DANKPEN,GUERIN KOUKA,Kara,Micro-Finance,Promofinance Guérin Kouka,GUÉRIN kouka ,0.607913217071084,9.691299545076577
DANKPEN 1,DANKPEN 1,DANKPEN,GUERIN KOUKA,Kara,Micro-Finance,FUCEC Togo Guérin Kouka,GUÉRIN KOUKA ,0.6076439852015187,9.690883015666522
DANKPEN 1,DANKPEN 1,DANKPEN,GUERIN KOUKA,Kara,Banque,SUNU Bank Guerin kouka,GUÉRIN KOUKA ,0.607948302392737,9.69098657157564
BINAH 1,BINAH 1,BINAH,PAGOUDA,Kara,Micro-Finance,COOPEC Pagouda,KODE,1.3282716666666663,9.753071666666669
DANKPEN 1,DANKPEN 1,DANKPEN,GUERIN KOUKA,Kara,Micro-Finance,MUCAD Guérin Kouka,GUÉRIN KOUKA,0.6089583333333335,9.686661666666668
DANKPEN 1,DANKPEN 1,DANKPEN,GUERIN KOUKA,Kara,Banque,UTB Guérin Kouka,GUÉRIN KOUKA ,0.608206666666666,9.68979833333333
BINAH 2,BINAH 2,BINAH,KETAO,Kara,Micro-Finance,Micro-finance UMECTO,KETAO,1.3071466666666665,9.656716666666666
BINAH 2,BINAH 2,BINAH,KETAO,Kara,Micro-Finance,FUCEC Togo Ketao,KETAO,1.3053182226434377,9.660192574355834
BINAH 2,BINAH 2,BINAH,KETAO,Kara,Banque,SUNU Bank Ketao,KETAO,1.3092182485343231,9.658283091634448
BINAH 2,BINAH 2,BINAH,KETAO,Kara,Banque,SPT Ketao,KETAO,1.308253590411621,9.6589212950631
BINAH 2,BINAH 2,BINAH,KETAO,Kara,Banque,UTB Ketao,KETAO,1.3089801819764006,9.65898470765692
BINAH 2,BINAH 2,BINAH,KETAO,Kara,Micro-Finance,Promofinace de Ketao,KETAO,1.3103669654981691,9.66116912180659
BINAH 1,BINAH 1,BINAH,PAGOUDA,Kara,Banque,SPT Pagouda,PAGOUDA ,1.325414215878476,9.750391631457337
BINAH 2,BINAH 2,BINAH,KETAO,Kara,Micro-Finance,Microfinance MUCAD Ketao,KETAO,1.3090748377137882,9.657653968012646
BASSAR 1,BASSAR 1,BASSAR,BASSAR,Kara,Banque,SUNU Bank Bassar,BIKOUDJIBA,0.7837097037461499,9.258141930199509
BASSAR 1,BASSAR 1,BASSAR,BASSAR,Kara,Banque,ORABANK Togo Bassar,BANIDA,0.7851603845733981,9.2570711054529
BASSAR 1,BASSAR 1,BASSAR,BASSAR,Kara,Banque,UTB Bassar,BANIDA,0.7814020907649645,9.262254004092847
BASSAR 1,BASSAR 1,BASSAR,BASSAR,Kara,Banque,SPT Bassar,BASSAR,0.7793183333333322,9.262185
BASSAR 1,BASSAR 1,BASSAR,BASSAR,Kara,Micro-Finance,COOPEC AD Bassar,KITAGBAO,0.7796333333333333,9.264693333333335
BASSAR 1,BASSAR 1,BASSAR,BASSAR,Kara,Micro-Finance,URCLEC Bassar,BASSAR,0.7789651095010675,9.261451216466083
BASSAR 2,BASSAR 2,BASSAR,BANGELI,Kara,Micro-Finance,COOPEC ADESEM Bangeli,BANGELI,0.62418,9.422103333333332
BASSAR 2,BASSAR 2,BASSAR,BANGELI,Kara,Banque,SPT Bangeli,BANGELI,0.6246133333333327,9.422101666666668
OTI 1,OTI 1,OTI,MANGO,Savanes,Banque,SUNU Mango,MANGO ,0.4704628173648756,10.354379899748068
BASSAR 3,BASSAR 3,BASSAR,KABOU,Kara,Micro-Finance,COOPEC ADESEM Sankpana,SANKPANA,0.8176699999999999,9.455804999999998
AVE 1,AVE 1,AVE,ASSAHOUN,Maritime intérieur,Banque,UTB Assahoun,ASSAHOUN,0.9095906393193488,6.456482289715696
BASSAR 3,BASSAR 3,BASSAR,KABOU,Kara,Micro-Finance,FUCEC Togo Kabou,Kabou,0.8109583333333329,9.454095
BASSAR 3,BASSAR 3,BASSAR,KABOU,Kara,Banque,BTCI Kabou,KABOU MARCHE,0.813139962823082,9.456295504129102
BASSAR 1,BASSAR 1,BASSAR,BASSAR,Kara,Micro-Finance,COOPEC Bilimon Bassar,BANIDA ,0.7829177879262712,9.259053265635966
DOUFELGOU 3,DOUFELGOU 3,DOUFELGOU,ALLOUM,Kara,Micro-Finance,MEC-D Broukou,BROUKOU,0.9212603058598732,9.738439456101142
DOUFELGOU 1,DOUFELGOU 1,DOUFELGOU,NIAMTOUGOU,Kara,Banque,BTCI Niamtougou,NIANTOUGOU ,1.10898,9.765265000000005
DOUFELGOU 1,DOUFELGOU 1,DOUFELGOU,SIOU,Kara,Micro-Finance,MEC-D  Siou,BIRGOU,1.2002383333333335,9.821415000000002
DOUFELGOU 2,DOUFELGOU 2,DOUFELGOU,DEFALE,Kara,Micro-Finance,MEC-D de defale,N/a,1.0905210478622869,9.865460748016316
DOUFELGOU 1,DOUFELGOU 1,DOUFELGOU,NIAMTOUGOU,Kara,Banque,SUNU Bank Niamtougou,YARKATIOUTE,1.1073076816539842,9.761561464617031
DOUFELGOU 3,DOUFELGOU 3,DOUFELGOU,ALLOUM,Kara,Micro-Finance,Promofinance Broukou,BROUKOU ,0.9215777363608127,9.73983174900369
DOUFELGOU 3,DOUFELGOU 3,DOUFELGOU,ALLOUM,Kara,Micro-Finance,COOPEC Niamtougou,BROUKOU ,0.9202392697524872,9.740067313310163
DOUFELGOU 1,DOUFELGOU 1,DOUFELGOU,NIAMTOUGOU,Kara,Micro-Finance,COOPEC Niantougou,NIANTOUGOU ,1.1068379097221857,9.764061326431086
DOUFELGOU 1,DOUFELGOU 1,DOUFELGOU,NIAMTOUGOU,Kara,Micro-Finance,C.P.D.E.N.D.F,KOKA YAKA,1.112788506935008,9.773433803190713
DOUFELGOU 1,DOUFELGOU 1,DOUFELGOU,NIAMTOUGOU,Kara,Micro-Finance,Mec-d Niamtougou,Total NIAMTOUGOU,1.1074411232945585,9.765029259233224
KOZAH 1,KOZAH 1,KOZAH,COMMUNE DE KARA,Kara,Assurance,Sanlam Kara,Ewao,1.1969616674093926,9.545288813776803
KOZAH 1,KOZAH 1,KOZAH,COMMUNE DE KARA,Kara,Assurance,GTA Assurance Gbiyinboua,Gbiyinboua,1.1891039895249098,9.550400130426782
KOZAH 1,KOZAH 1,KOZAH,COMMUNE DE KARA,Kara,Assurance,Fidelia Assurance Kara,Cofak,1.1921138803668052,9.547881785245083
KOZAH 1,KOZAH 1,KOZAH,COMMUNE DE KARA,Kara,Assurance,NSIA Assurance Kara,NSP ,1.1878516666666663,9.551905000000003
KOZAH 1,KOZAH 1,KOZAH,COMMUNE DE KARA,Kara,Assurance,Prudential Beneficial Assurance,Chaminade,1.19172082385639,9.55916039834308
KOZAH 1,KOZAH 1,KOZAH,COMMUNE DE KARA,Kara,Assurance,SUNU Assurance Vie,N/a,1.1833899999999993,9.558608333333334
KOZAH 1,KOZAH 1,KOZAH,COMMUNE DE KARA,Kara,Assurance,SUNU Assurance Iard,CHAMINADE,1.188863333333333,9.551063333333332
BASSAR 1,BASSAR 1,BASSAR,BASSAR,Kara,Assurance,Fidelia Assurance Bassar,BASSAR,0.7856599999999997,9.264446666666668
BASSAR 1,BASSAR 1,BASSAR,BASSAR,Kara,Micro-Finance,Promo Finance Bassar,BASSAR,0.7741283333333334,9.262161666666668
KOZAH 1,KOZAH 1,KOZAH,COMMUNE DE KARA,Kara,Banque,SUNU Bank Chaminade,Chaminade,1.183396916780646,9.55859709356478
KOZAH 1,KOZAH 1,KOZAH,COMMUNE DE KARA,Kara,Banque,BSIC Kara,COFAC,1.192223333333334,9.548170000000002
ZIO 1,ZIO 1,ZIO,DJAGBLE,Maritime intérieur,Micro-Finance,COCEC Djagble,DJAGBLE ,1.282755,6.254643333333335
ZIO 3,ZIO 3,ZIO,GAME SEVA,Maritime intérieur,Micro-Finance,Mutuelle Villageoise de developpement de Avedze,AVEDZE,1.238830357308717,6.672092766562961
YOTO 1,YOTO 1,YOTO,TABLIGBO,Maritime intérieur,Banque,SUNU Bank Tagbligbo,TABLIGBO ,1.5012799999999995,6.592006666666667
YOTO 1,YOTO 1,YOTO,TABLIGBO,Maritime intérieur,Micro-Finance,COOPEC-AD Tagbligbo,TABLIGBO ,1.500261666666667,6.589533333333335
YOTO 1,YOTO 1,YOTO,TABLIGBO,Maritime intérieur,Micro-Finance,Mutuelle Akwaba Tagbligbo,TABLIGBO ,1.4957404469606597,6.588998754943864
YOTO 1,YOTO 1,YOTO,TABLIGBO,Maritime intérieur,Banque,UTB Tagbligbo,TABLIGBO ,1.4940933333333333,6.588850000000002
YOTO 1,YOTO 1,YOTO,TABLIGBO,Maritime intérieur,Banque,Banque Atlantique Tagbligbo,TABLIGBO ,1.5106866666666663,6.58045
YOTO 1,YOTO 1,YOTO,TABLIGBO,Maritime intérieur,Micro-Finance,UMECTO Tagbligbo,TABLIGBO ,1.4988783333333335,6.589511666666668
YOTO 2,YOTO 2,YOTO,AHEPE,Maritime intérieur,Micro-Finance,UMECTO Ahepe,AHEPE,1.3961916666666665,6.6063616666666665
YOTO 2,YOTO 2,YOTO,AHEPE,Maritime intérieur,Micro-Finance,Mutuelle Akwaba Agence Annexe,AHEPE ,1.3941233333333327,6.604326666666667
YOTO 2,YOTO 2,YOTO,TCHEKPO,Maritime intérieur,Micro-Finance,FUCEC Togo -Togo (guichet de Tchekpo ),TCHEKPO ,1.3589116666666667,6.533866666666665
YOTO 2,YOTO 2,YOTO,TCHEKPO,Maritime intérieur,Micro-Finance,Mutuelle Akwaba Guichet de Tchekpo,TCHEKPO ,1.3603983333333334,6.536853333333333
YOTO 2,YOTO 2,YOTO,AHEPE,Maritime intérieur,Micro-Finance,FUCEC Togo Ahépé,AHEPE ,1.3975900000000003,6.605745000000001
YOTO 1,YOTO 1,YOTO,TABLIGBO,Maritime intérieur,Banque,SPT Tagbligbo,TABLIGBO ,1.5004100000000002,6.588474999999998
YOTO 2,YOTO 2,YOTO,AHEPE,Maritime intérieur,Banque,SPT Ahepe,AHEPE ,1.3964700000000003,6.607158333333333
YOTO 1,YOTO 1,YOTO,KOUVE,Maritime intérieur,Micro-Finance,COOPEC Kouve,KOUVE ,1.413443333333334,6.662139999999999
YOTO 1,YOTO 1,YOTO,KOUVE,Maritime intérieur,Micro-Finance,Mutuelle Akwaba Kouvé Atsapé,KOUVE ATSAPE ,1.412469999999999,6.663051666666666
YOTO 1,YOTO 1,YOTO,TABLIGBO,Maritime intérieur,Micro-Finance,FUCEC Togo Tabligbo,TABLIGBO ,1.5007683333333337,6.587079999999999
ZIO 1,ZIO 1,ZIO,TSEVIE,Maritime intérieur,Micro-Finance,FUCEC Togo COOPEC Tsevie,TSEVIE,1.2160345099598362,6.424629719549638
ZIO 2,ZIO 2,ZIO,MISSION TOVE,Maritime intérieur,Micro-Finance,Cooperative Solidarite Agricole Centre la Pauvreté,Kpeme,1.1248683611403556,6.321683745336598
ZIO 1,ZIO 1,ZIO,TSEVIE,Maritime intérieur,Banque,UTB Tsevie,TSEVIE,1.2128466666666666,6.423501666666669
YOTO 3,YOTO 3,YOTO,GBOTO,Maritime intérieur,Micro-Finance,Tsonakle,GBOTO  ZEVE,1.4765249942202656,6.70537189952756
YOTO 3,YOTO 3,YOTO,GBOTO,Maritime intérieur,Micro-Finance,ADCB-CREC,GBOTO VODOUPE,1.529971666666667,6.675221666666665
ZIO 1,ZIO 1,ZIO,TSEVIE,Maritime intérieur,Micro-Finance,WAGES Tsévié,TSEVIE,1.2112870881548377,6.43694116781951
ZIO 1,ZIO 1,ZIO,TSEVIE,Maritime intérieur,Micro-Finance,UMECTO Tsévié,TSEVIE,1.210738094162488,6.437543162266772
ZIO 1,ZIO 1,ZIO,DJAGBLE,Maritime intérieur,Micro-Finance,COOPEC la Fructueuse,DJAGBLE ,1.2777675648911706,6.248924096380966
ZIO 1,ZIO 1,ZIO,DALAVE,Maritime intérieur,Micro-Finance,Mutuelle Akwaba Adangbe,ADANGBE,1.271555033349037,6.402118341535273
ZIO 1,ZIO 1,ZIO,TSEVIE,Maritime intérieur,Micro-Finance,Mutuelle Akwaba Tsévié,TSEVIE,1.2089566666666665,6.408478333333334
ZIO 1,ZIO 1,ZIO,TSEVIE,Maritime intérieur,Micro-Finance,FECECAV la Grâce,N'dayi,1.2096783333333332,6.424116666666666
VO 4,VO 4,VO,AKOUMAPE,Maritime intérieur,Micro-Finance,Coopérative des Femmes Pour L'epargne et de Crédit,AKOUMAPE,1.4332699999999996,6.383346666666666
AVE 1,AVE 1,AVE,KEVE,Maritime intérieur,Banque,SPT Keve,LATIN,0.9242519550209952,6.435462033465573
BAS MONO 1,BAS MONO 1,BAS MONO,AFAGNANGAN,Maritime intérieur,Micro-Finance,COOPEC Afagnan,N/a,1.6270983717941223,6.4958124421382895
AVE 1,AVE 1,AVE,KEVE,Maritime intérieur,Micro-Finance,FUCEC Togo Topeme,TOPEME,0.9307392946149826,6.430819006546948
AVE 1,AVE 1,AVE,KEVE,Maritime intérieur,Micro-Finance,COOPEC AD Kévé,KEVE,0.9252549999999996,6.434536666666666
AVE 2,AVE 2,AVE,AKEPE,Maritime intérieur,Micro-Finance,FECECAV D Assiame,ASSIAMA,1.0578266666666665,6.242173333333335
AVE 1,AVE 1,AVE,TOVEGAN,Maritime intérieur,Micro-Finance,FECECAV Solidarite,TOVEGAN,0.8942383333333328,6.566518333333333
AVE 2,AVE 2,AVE,AKEPE,Maritime intérieur,Micro-Finance,FUCEC Togo Akepe,AKEPE,1.0574369358405815,6.241332053458358
AVE 2,AVE 2,AVE,BADJA,Maritime intérieur,Micro-Finance,COOPAD Transformation,BADJA,0.9851716666666668,6.375300000000003
ZIO 1,ZIO 1,ZIO,GBATOPE,Maritime intérieur,Micro-Finance,Mutuelle Akwaba Gbatope,GBATOPE,1.2590233333333332,6.44441
VO 3,VO 3,VO,DZREKPO,Maritime intérieur,Micro-Finance,Microfinance Tso Nakle,AMEGNRAN,1.5688957745842684,6.473318684360648
ZIO 1,ZIO 1,ZIO,TSEVIE,Maritime intérieur,Banque,SUNU Bank Tsevie,TSEVIE,1.2116950000000004,6.417165
CINKASSE 1,CINKASSE 1,CINKASSE,CINKASSE,Savanes,Micro-Finance,2A.D.A.D,Cinkanssé ,0.0242955900000002,11.09987712
AVE 1,AVE 1,AVE,ASSAHOUN,Maritime intérieur,Micro-Finance,COECEPT Assahoun,AMEGNIDO KONDJI,0.9087680273957977,6.459856089517012
AVE 1,AVE 1,AVE,ZOLO,Maritime intérieur,Micro-Finance,FUCEC Togo Dzolo,DZOLO,0.8913618068184748,6.375671632325823
AVE 1,AVE 1,AVE,ASSAHOUN,Maritime intérieur,Micro-Finance,CECAV la Grace,ASSAHOUN,0.9090066666666662,6.459115000000002
AVE 2,AVE 2,AVE,NOEPE,Maritime intérieur,Micro-Finance,COOPEC la Lumière,NOEPE,1.0430936701408355,6.256828672534578
AVE 1,AVE 1,AVE,ASSAHOUN,Maritime intérieur,Banque,ORABANK Assahoun,ASSAHOUN,0.9101882221452332,6.454893167303371
AVE 1,AVE 1,AVE,ASSAHOUN,Maritime intérieur,Micro-Finance,FUCEC Togo Assahoun,ASSAHOUN,0.9145275580204044,6.450344918328133
ZIO 2,ZIO 2,ZIO,MISSION TOVE,Maritime intérieur,Micro-Finance,Mutuelle Benit,APESSITO,1.135565,6.296796666666668
ZIO 1,ZIO 1,ZIO,TSEVIE,Maritime intérieur,Banque,SPT Tsevie,TSEVIE,1.209923301397525,6.4240801143212565
ZIO 1,ZIO 1,ZIO,TSEVIE,Maritime intérieur,Micro-Finance,COOPEC Fidélité,Adjako,1.2067135976796382,6.433648159921646
ZIO 2,ZIO 2,ZIO,KOVIE,Maritime intérieur,Micro-Finance,Mutuelle Dignité Humaine,KOVIE,1.1128200000000006,6.342693333333333
ZIO 4,ZIO 4,ZIO,GAPE CENTRE,Maritime intérieur,Micro-Finance,Mutuelle Akwaba Avérétoe,AVERETOE,1.1032795873266528,6.602804686949104
ZIO 4,ZIO 4,ZIO,GAPE CENTRE,Maritime intérieur,Micro-Finance,FUSECAB,N/a,1.1014363586413467,6.603393715797492
ZIO 4,ZIO 4,ZIO,GAPE CENTRE,Maritime intérieur,Micro-Finance,COOPEC Gape Centre,Nyfare,1.103734774248852,6.601971608906869
ZIO 2,ZIO 2,ZIO,MISSION TOVE,Maritime intérieur,Micro-Finance,Centre d'assistance Juridique et Economique Aux Femmes,Avenyke,1.1252866666666663,6.289135000000001
ZIO 3,ZIO 3,ZIO,AGBELOUVE,Maritime intérieur,Micro-Finance,CECAv Prosperite,AGBELOUVE,1.168202004415628,6.671258740998086
ZIO 3,ZIO 3,ZIO,AGBELOUVE,Maritime intérieur,Micro-Finance,FUCEC Togo Agbelouvé,ZONGO,1.167646666666666,6.672010000000002
ZIO 1,ZIO 1,ZIO,DJAGBLE,Maritime intérieur,Micro-Finance,COOPEC Tsevie Guichet Djagblé,DJAGBLE DEVE,1.2840838371050298,6.254856509431228
ZIO 3,ZIO 3,ZIO,AGBELOUVE,Maritime intérieur,Micro-Finance,Caisse Communautaire,KPEVEGO,1.186213637380816,6.620074109015926
YOTO 3,YOTO 3,YOTO,TOKPLI,Maritime intérieur,Banque,ECOBANK Assou kondji,ASSOU KONDJI,1.567317586737663,6.625783318018493
VO 2,VO 2,VO,TOGOVILLE,Maritime intérieur,Micro-Finance,Mutuelle ASJD Bdougbé,BADOUGBE,1.5133058272413331,6.237518185838413
BAS MONO 2,BAS MONO 2,BAS MONO,ATTITOGON,Maritime intérieur,Micro-Finance,FUCEC Togo AttiTogon,Ketope ,1.6631175459013166,6.41677940264338
VO 1,VO 1,VO,VOGAN,Maritime intérieur,Micro-Finance,COOPEC-AD Novissikome,Novissikome,1.5238499999999997,6.3407766666666685
VO 1,VO 1,VO,VOGAN,Maritime intérieur,Banque,ORABANK Novissikomé,Novissikome,1.5266850000000007,6.337270000000001
VO 1,VO 1,VO,VOGAN,Maritime intérieur,Banque,SPT Commandant condji,Commandant condji,1.5295100000000006,6.335061666666666
VO 1,VO 1,VO,VOGAN,Maritime intérieur,Micro-Finance,COOPEC CECEAO,Novossikome,1.524266666666666,6.339256666666667
VO 3,VO 3,VO,DZREKPO,Maritime intérieur,Micro-Finance,FESEC-Togo,AMEGNRAN,1.5687463779901694,6.474165324792857
LACS 2,LACS 2,LACS,AKLAKOU,Maritime intérieur,Banque,SPT Aklakou,AKLAKOU LYCEE,1.7097733333333331,6.335185
VO 1,VO 1,VO,VOGAN,Maritime intérieur,Micro-Finance,Mutuelle Kekeli,Commandant kondji,1.5299449999999997,6.333538333333334
VO 1,VO 1,VO,VOGAN,Maritime intérieur,Banque,SUNU Bank Vogan,Novissikome ,1.529035,6.335515
CINKASSE 1,CINKASSE 1,CINKASSE,CINKASSE,Savanes,Micro-Finance,COOPEC AD Boadé,N/a,0.0177411999999997,11.0997754
VO 1,VO 1,VO,VOGAN,Maritime intérieur,Banque,UTB Novissikomé,Novissikome ,1.5235249999999998,6.340533333333335
VO 1,VO 1,VO,VOGAN,Maritime intérieur,Micro-Finance,FECECAV-MECA,Novissikome,1.5239383333333332,6.340490000000002
VO 4,VO 4,VO,HAHOTOE,Maritime intérieur,Micro-Finance,Coopérative d'épargne et de Credit du Personnel de la SNPT, HAHOTOE ,1.4093801384877906,6.367006402264263
VO 4,VO 4,VO,HAHOTOE,Maritime intérieur,Micro-Finance,FUCEC Togo - COOPEC CECEAO,HAHOTOE ,1.4145866666666669,6.363103333333335
VO 4,VO 4,VO,HAHOTOE,Maritime intérieur,Micro-Finance,UMECTO Kekeli,HAHOTOE ,1.4164533333333336,6.365516666666667
LACS 2,LACS 2,LACS,AKLAKOU,Maritime intérieur,Micro-Finance,Mutuelle Kekeli,AKLAKOU LYCEE,1.7083999999999997,6.3337650000000005
LACS 4,LACS 4,LACS,ANFOIN,Maritime intérieur,Micro-Finance,MECA Anfoin,ANFOIN CENTRE,1.6067983333333336,6.328863333333335
LACS 4,LACS 4,LACS,ANFOIN,Maritime intérieur,Banque,SPT Anfoin,ANFOIN POSTE,1.6068806200000003,6.3287033500000005
LACS 4,LACS 4,LACS,ANFOIN,Maritime intérieur,Micro-Finance,COOPEC-nyameneko,ANFOIN CENTRE,1.6075739,6.330149250000001
LACS 1,LACS 1,LACS,CANTON D’ANEHO,Maritime intérieur,Micro-Finance,FUCEC Togo Aného,Aného centre ,1.6104011999999996,6.23774328
LACS 1,LACS 1,LACS,ANEHO,Maritime intérieur,Banque,SPT Aneho,ANEHOGAN AGBODJI,1.5973883333333334,6.228128333333332
LACS 3,LACS 3,LACS,GBODJOME,Maritime intérieur,Micro-Finance,COCPAV Dague,DAGUE,1.4056099999999994,6.200319999999999
LACS 3,LACS 3,LACS,GBODJOME,Maritime intérieur,Micro-Finance,COOPEC Kekeli,AFIDENYIGBAN,1.3925383333333334,6.183366666666667
LACS 3,LACS 3,LACS,GBODJOME,Maritime intérieur,Micro-Finance,COOPEC Nyameneko /fusec,AGBAVI,1.3968250000000002,6.1922349999999975
LACS 1,LACS 1,LACS,CANTON D’ANEHO,Maritime intérieur,Banque,UTB Aneho,N/a,1.6032254,6.232721700000001
MOYEN MONO 2,MOYEN MONO 2,MOYEN MONO,KPEKPLEME,Plateaux,Banque,OIC Kpékplémé,N/a,1.6257073199292362,7.331785471833214
LACS 3,LACS 3,LACS,AGBODRAFO,Maritime intérieur,Micro-Finance,WAGES Agbodrafo,AGBODRAFO ,1.4816766666666663,6.209718333333332
TANDJOARE 1,TANDJOARE 1,TANDJOARE,BOMBOUAKA,Savanes,Micro-Finance,COOPEC Nataan de Bombouaka,BOMBOUAKA,0.2087583333333333,10.694073333333336
LACS 3,LACS 3,LACS,AGBODRAFO,Maritime intérieur,Micro-Finance,FUCEC Togo Kpémé,KPEME,1.5045950000000003,6.213899999999999
LACS 3,LACS 3,LACS,AGBODRAFO,Maritime intérieur,Banque,SPT Agbodrafo,AGBODRAFO ,1.4778316666666669,6.207895000000001
LACS 1,LACS 1,LACS,CANTON D’ANEHO,Maritime intérieur,Micro-Finance,MECA Amadoté,Amadote,1.6145029999999998,6.238581700000001
OGOU 1,OGOU 1,OGOU,DJAMA,Plateaux,Micro-Finance,COOPEC AD Agbonou,AGBONOU,1.1511452577382335,7.51371383601868
LACS 1,LACS 1,LACS,CANTON D’ANEHO,Maritime intérieur,Banque,ECOBANK Carrefour,Carrefour du 13 janvier ,1.6122614500000003,6.23636382
LACS 1,LACS 1,LACS,CANTON D’ANEHO,Maritime intérieur,Banque,SUNU Bank Gériko,Gériko,1.6161891199999998,6.238434350000001
LACS 1,LACS 1,LACS,CANTON D’ANEHO,Maritime intérieur,Banque,ORABANK Gériko,Gériko ,1.6234909400000002,6.2401496000000005
LACS 1,LACS 1,LACS,CANTON D’ANEHO,Maritime intérieur,Banque,BTCI Gériko ,Gériko ,1.62364358,6.240375340000001
LACS 1,LACS 1,LACS,CANTON D’ANEHO,Maritime intérieur,Micro-Finance,WAGES le Sang kongni,Le sang kondji,1.62037899,6.23947996
LACS 1,LACS 1,LACS,CANTON D’ANEHO,Maritime intérieur,Banque,NSIA Assurance banque Aneho,Geriko,1.6214912799999994,6.239946480000001
ZIO 1,ZIO 1,ZIO,TSEVIE,Maritime intérieur,Banque,ORABANK Tsevie,BEGBE,1.2119657313386425,6.434019472703054
ZIO 3,ZIO 3,ZIO,AGBELOUVE,Maritime intérieur,Banque,SPT Agbélouvé,Agbélouvé,1.1678437843952096,6.671749272143332
ZIO 1,ZIO 1,ZIO,TSEVIE,Maritime intérieur,Micro-Finance,Division des Operations Douanieres de la Region Maritime,TSEVIE ,1.2162122592083409,6.432164956325957
AMOU 3,AMOU 3,AMOU,TEMEDJA,Plateaux,Micro-Finance,COMEC Temedja,TEMEDJA,1.0589466666666665,7.518834999999998
OGOU 1,OGOU 1,OGOU,GNAGNA,Plateaux,Banque,BOA Gnagna,N/a,1.1412266666666666,7.519048333333334
OGOU 1,OGOU 1,OGOU,DJAMA,Plateaux,Micro-Finance,Microfinance Millenium Kpotame,Kpotame,1.1528839027965647,7.5091423077618575
OGOU 1,OGOU 1,OGOU,DJAMA,Plateaux,Micro-Finance,CECAV Agbonou,AGBONOU,1.1502349999999997,7.51646
EST MONO 3,EST MONO 3,EST MONO,NYAMASSILA,Plateaux,Micro-Finance,COOPEC Nyamassila,NYAMASSILA ,1.1919649999999995,7.987585000000001
EST MONO 1,EST MONO 1,EST MONO,ELAVAGNON,Plateaux,Micro-Finance,COOPEC Elavagnon,ELAVAGNON ,1.284715578012051,7.955827731916766
WAWA 1,WAWA 1,WAWA,BADOU,Plateaux,Micro-Finance,COOPEC-AD Badou,BADOU,0.60879681011179,7.585430614652392
WAWA 1,WAWA 1,WAWA,BADOU,Plateaux,Micro-Finance,MGPCC dekawowo,ZONGO,0.6095963454536255,7.592735147178389
WAWA 1,WAWA 1,WAWA,BADOU,Plateaux,Micro-Finance,FUCEC Togo  COOPEC Novissi,IKPABE,0.6127683333333331,7.58479
WAWA 1,WAWA 1,WAWA,BADOU,Plateaux,Banque,ORABANK Badou,BADOU VILLE,0.6065152459901539,7.584979121428079
EST MONO 2,EST MONO 2,EST MONO,MORETAN,Plateaux,Micro-Finance,COOPEC Katchere,MORETAN,1.3504790894493797,8.10741032426643
OGOU 2,OGOU 2,OGOU,DATCHA,Plateaux,Micro-Finance,Assciation Oressan,ABIA AKOKO,1.1600283333333326,7.432608333333333
CINKASSE 1,CINKASSE 1,CINKASSE,CINKASSE,Savanes,Banque,BSIC Cinkanssé,N/a,0.0138517300000002,11.107137359999998
MOYEN MONO 1,MOYEN MONO 1,MOYEN MONO,TADO,Plateaux,Micro-Finance,FUCEC Togo Tado,TADO-CENTRE ,1.591692099308749,7.146017035908916
OGOU 4,OGOU 4,OGOU,OUNTIVOU,Plateaux,Micro-Finance,SPEC OIC Togo Atchankoe,CARREFOUR ATCHANKOE,1.4855015903412987,7.431298049728864
OGOU 4,OGOU 4,OGOU,OUNTIVOU,Plateaux,Micro-Finance,Association Villageoise pour l'Epargne et le Credit,QUARTIER CARREFOUR ATCHANKOE,1.48510329751457,7.430692121366527
OGOU 3,OGOU 3,OGOU,GLEI,Plateaux,Micro-Finance,SPEC OIC-Togo Akpaka,AKPAKA,1.1636866666666668,7.314553333333335
HAHO 1,HAHO 1,HAHO,ATCHAVE,Plateaux,Micro-Finance,FECECAV Kpele,KPELE,1.184121666666667,6.857761666666667
OGOU 3,OGOU 3,OGOU,GLEI,Plateaux,Micro-Finance,COOPEC Ilema de Kpota,KPOTA,1.1665883333333338,7.318416666666667
OGOU 3,OGOU 3,OGOU,GLEI,Plateaux,Micro-Finance,COOPEC Novissi de l'Affaire sociale,Affaire  sociale ,1.1651629249555326,7.315628428476689
DANYI 1+DANYI 2,DANYI 1,DANYI,DANYI ATIGBA,Plateaux,Micro-Finance,FECECAV Danyi Microfinance,APEYEME,0.6930825535488041,7.202054418560122
DANYI 1+DANYI 2,DANYI 1,DANYI,DANYI ATIGBA,Plateaux,Micro-Finance,FUCEC Togo Apéyémé,APEYEME ,0.6910599999999993,7.198371666666668
CINKASSE 1,CINKASSE 1,CINKASSE,CINKASSE,Savanes,Banque,UTB Boadé,N/a,0.0160195099999995,11.102661830000002
MOYEN MONO 1,MOYEN MONO 1,MOYEN MONO,TOHOUN,Plateaux,Micro-Finance,SPEC OIC Togo Kpohizouhoe,KPOYIZOUHOE,1.6151360922523716,7.023818098839283
MOYEN MONO 2,MOYEN MONO 2,MOYEN MONO,KPEKPLEME,Plateaux,Micro-Finance,COOPEC ADMEGNONTCHIHOE,MEGNONTCHIHOE,1.6276766666666662,7.325931666666667
MOYEN MONO 2,MOYEN MONO 2,MOYEN MONO,KPEKPLEME,Plateaux,Micro-Finance,FUCEC Togo Kpékplémé,AHOEGBAME,1.6239544159835997,7.328479642242918
CINKASSE 1,CINKASSE 1,CINKASSE,CINKASSE,Savanes,Banque,SPT Boadé,Vers la frontière ,0.01244535,11.110863139999998
MOYEN MONO 1,MOYEN MONO 1,MOYEN MONO,TADO,Plateaux,Micro-Finance,SPEC OIC Togo Tado,TADO ADJATCHE,1.5930266666666668,7.143353333333333
AGOU 1,AGOU 1,AGOU,AGOU TAVIE,Plateaux,Micro-Finance,FUCEC Togo  COOPEC CFAE,AGOU-GARE,0.7153516666666666,6.851056666666667
AGOU 1,AGOU 1,AGOU,AGOU TAVIE,Plateaux,Micro-Finance,CECAV Espoir,AGOU  GARE,0.7185433333333333,6.847573333333334
AGOU 1,AGOU 1,AGOU,AGOU TAVIE,Plateaux,Banque,SPT Agou-gare,AGOU-GARE,0.7163833333333331,6.844028333333335
AKEBOU 1,AKEBOU 1,AKEBOU,KOUGNOHOU,Plateaux,Micro-Finance,FECECAV Kougnohou,KOUGNOHOU,0.7891916666666668,7.652154999999998
AKEBOU 1,AKEBOU 1,AKEBOU,KOUGNOHOU,Plateaux,Micro-Finance,FUCEC Togo Kougnohou,KOUGNOHOU,0.7912245636067079,7.654740048975441
OGOU 2,OGOU 2,OGOU,AKPARE,Plateaux,Micro-Finance,SPEC OIC Akpare,ESIKOME,1.3224900000000004,7.47279
KLOTO 3,KLOTO 3,KLOTO,KOUMA,Plateaux,Micro-Finance,CECAV Avenir de Kouma-adame,Kouma Adame,0.5963683333333334,6.975693333333335
KLOTO 2,KLOTO 2,KLOTO,LAVIE APEDOME,Plateaux,Micro-Finance,CECAV Lavie,Lavié,0.6764433333333328,7.010566666666667
HAHO 4,HAHO 4,HAHO,WAHALA,Plateaux,Micro-Finance,Mutuelle Rhema,Lomnava,1.1610716666666672,7.175158333333335
KLOTO 3,KLOTO 3,KLOTO,AGOME TOMEGBE,Plateaux,Micro-Finance,CECAV Avenir Tomégbé,Tomegbe,0.558978333333333,6.954286666666668
KLOTO 1,KLOTO 1,KLOTO,AGOME KPALIME,Plateaux,Banque,IB Bank Togo,Lom nava,0.6344800000000004,6.921373333333335
CINKASSE 1,CINKASSE 1,CINKASSE,CINKASSE,Savanes,Banque,NSIA Banque Cinkanssé,N/a,0.0175574899999998,11.10069059
HAHO 4,HAHO 4,HAHO,WAHALA,Plateaux,Micro-Finance,COOPEC Car-naolou,Agadjame,1.1644350000000003,7.173106666666668
HAHO 4,HAHO 4,HAHO,WAHALA,Plateaux,Micro-Finance,OIC-Togo,Agadjame,1.1656600000000004,7.172638333333333
HAHO 4,HAHO 4,HAHO,WAHALA,Plateaux,Micro-Finance,FECECAV Zongo,Zongo,1.1654300000000004,7.174356666666667
KLOTO 1,KLOTO 1,KLOTO,AGOME KPALIME,Plateaux,Micro-Finance,SOGEMEF Lomnava,LOMNAVA,0.6344066666666662,6.921533333333335
KLOTO 1,KLOTO 1,KLOTO,AGOME KPALIME,Plateaux,Banque,ECOBANK Fiakomé,FIAKOME,0.6322545901014416,6.907052322401787
KLOTO 1,KLOTO 1,KLOTO,AGOME KPALIME,Plateaux,Micro-Finance,COMEC Kpalime,GNIVEME,0.6295500191936059,6.913097420603269
KLOTO 1,KLOTO 1,KLOTO,AGOME KPALIME,Plateaux,Banque,SUNU Bank Kpalime,Gniveme,0.6324900000000002,6.912565000000001
KLOTO 1,KLOTO 1,KLOTO,AGOME KPALIME,Plateaux,Banque,UTB Kpalime,DÔME ,0.6329866666666665,6.906821666666667
CINKASSE 1,CINKASSE 1,CINKASSE,CINKASSE,Savanes,Banque,ORABANK Cinkanssé,N/a,0.0215181399999997,11.097366160000002
KLOTO 1,KLOTO 1,KLOTO,AGOME KPALIME,Plateaux,Micro-Finance,CECAV Avenir Kpalimé,KPEGOLONOU ,0.6260783333333335,6.915843333333334
ANIE 2,ANIE 2,ANIE,ADOGBENOU,Plateaux,Micro-Finance,Pratfig,ADOGBENOU,1.4379999999999995,7.738083333333332
TONE 1,TONE 1,TONE,DAPAONG,Savanes,Banque,SUNU Bank Dapaong,Nassablé,0.1998617881237031,10.88375711390402
ANIE 1,ANIE 1,ANIE,ANIE,Plateaux,Micro-Finance,COOPEC AD Anié,Anié ,1.193610737123323,7.757592745358773
ANIE 1,ANIE 1,ANIE,ANIE,Plateaux,Micro-Finance,WAGES Anié,Anié ,1.1932325754841624,7.757567341404601
CINKASSE 1,CINKASSE 1,CINKASSE,CINKASSE,Savanes,Micro-Finance,COOPEC-SIFA de Languitaba,Quartiers Languitaba,0.0105469799999997,11.101958180000002
ANIE 1,ANIE 1,ANIE,ANIE,Plateaux,Micro-Finance,FUCEC Togo Anié,Anié ,1.193332103953501,7.763439869875062
CINKASSE 1,CINKASSE 1,CINKASSE,CINKASSE,Savanes,Banque,BTCI Boadé,N/a,0.0124709,11.110611610000005
ANIE 1,ANIE 1,ANIE,ANIE,Plateaux,Micro-Finance,Assilassime Solidarité,Anié ,1.1965858501604414,7.763583676022076
KLOTO 1,KLOTO 1,KLOTO,AGOME KPALIME,Plateaux,Micro-Finance,COOPEC AD Kpalimé,Quartier administratif ,0.63223,6.907803333333335
KLOTO 1,KLOTO 1,KLOTO,AGOME KPALIME,Plateaux,Banque,ORABANK Kpalimé,FIAKOME,0.630046666666667,6.901071666666667
AMOU 2,AMOU 2,AMOU,AMOU OBLO,Plateaux,Micro-Finance,COOPEC AD Amou Oblo,AMOU OBLO,0.8691766666666654,7.391483333333334
AMOU 2,AMOU 2,AMOU,AMOU OBLO,Plateaux,Micro-Finance,CECAV Fidélité Amou Oblo,AMOU OBLO,0.8673325963797106,7.388195550740733
AMOU 2,AMOU 2,AMOU,AMOU OBLO,Plateaux,Micro-Finance,MGPCCdekahoho,AMOU OBLO,0.8674562996778736,7.387497833011123
AMOU 2,AMOU 2,AMOU,AMOU OBLO,Plateaux,Micro-Finance,COOPEC Enyo Amou Oblo,AMOU OBLO ,0.8678445988708431,7.388261736790542
KPELE 1,KPELE 1,KPELE,KPELE NOVIVE,Plateaux,Banque,UTB Tetsefi,Tetsefi,0.7313316666666667,7.132041666666668
KPELE 1,KPELE 1,KPELE,KPELE NOVIVE,Plateaux,Micro-Finance,FECECAV Wetsi,Wetsi,0.7288883333333331,7.128491666666668
CINKASSE 2,CINKASSE 2,CINKASSE,SAM NABA,Savanes,Micro-Finance,Guichet de Sam-naba,Sam-naba,0.1642396099999996,11.06710248
KPELE 1,KPELE 1,KPELE,KPELE NOVIVE,Plateaux,Micro-Finance,COOPEC Enyo Tsèfi,TSEFI,0.7316583333333334,7.133195000000001
KPELE 2,KPELE 2,KPELE,KPELE CENTRE,Plateaux,Micro-Finance,FECECAV Hassoupe,HASSOUPE,0.7475083333333336,7.17226
KPELE 2,KPELE 2,KPELE,KPELE NORD,Plateaux,Micro-Finance,COOPEC Enyo,N/a,0.8031066666666669,7.282006666666665
KPELE 1,KPELE 1,KPELE,KPELE NOVIVE,Plateaux,Micro-Finance,Cooperative Mesona,KPOTAME,0.7301266666666666,7.137988333333334
KPELE 2,KPELE 2,KPELE,KPELE NORD,Plateaux,Micro-Finance,FECECAV-fidelité,BOYIVE,0.8006499999999998,7.276728333333335
HAHO 1,HAHO 1,HAHO,NOTSE,Plateaux,Micro-Finance,FECECAV Agence Notsé,KRATI,1.1651450400374397,6.949459361971194
HAHO 1,HAHO 1,HAHO,NOTSE,Plateaux,Micro-Finance,URCLEC Agence Notsé,ZONGO,1.1688116325320417,6.951091451040464
HAHO 1,HAHO 1,HAHO,NOTSE,Plateaux,Micro-Finance,SPEC OIC-Togo Tegbe,TEGBE,1.1701359999999998,6.9541608
HAHO 1,HAHO 1,HAHO,NOTSE,Plateaux,Micro-Finance,COOPEC AD Notsé,TEGBE,1.1718650000000002,6.953368333333333
HAHO 1,HAHO 1,HAHO,NOTSE,Plateaux,Micro-Finance,FUCEC Togo Adimé,Adimé,1.171155421737449,6.948462559553073
HAHO 1,HAHO 1,HAHO,NOTSE,Plateaux,Micro-Finance,WAGES Notse,Adémi,1.168901666666667,6.948368333333334
HAHO 1,HAHO 1,HAHO,NOTSE,Plateaux,Micro-Finance,COECEPT Notsé,TAKO,1.1749033333333327,6.947393333333336
HAHO 1,HAHO 1,HAHO,NOTSE,Plateaux,Micro-Finance,FINAM Notsé,EKLI,1.1749511807831785,6.946986161674564
HAHO 1,HAHO 1,HAHO,NOTSE,Plateaux,Micro-Finance,CERCIF Notsé,EKLI,1.1749316999999997,6.9468440000000005
KPELE 1,KPELE 1,KPELE,KPELE NOVIVE,Plateaux,Micro-Finance,CECAV Fidelite Bodzé,BODZE,0.9104516666666672,7.089731666666668
HAHO 1,HAHO 1,HAHO,NOTSE,Plateaux,Micro-Finance,Rhema Notsé,Adémi,1.1699939278389604,6.948540992536163
HAHO 1,HAHO 1,HAHO,NOTSE,Plateaux,Banque,UTB Notse,ALINOU,1.1734483333333336,6.943955000000002
HAHO 1,HAHO 1,HAHO,NOTSE,Plateaux,Banque,ORABANK Notse,Adimé,1.1676276,6.948660100000001
HAHO 1,HAHO 1,HAHO,NOTSE,Plateaux,Banque,SUNU Bank Notse,Adimé,1.1687949999999998,6.949168333333335
HAHO 1,HAHO 1,HAHO,HAHOMEGBE,Plateaux,Micro-Finance,SPEC OIC Togo Hahomegbé,HAHOMEGBE,1.0268816666666667,6.932486666666667
ANIE 1,ANIE 1,ANIE,ANIE,Plateaux,Banque,SUNU Bank Anié,ANIÉ ,1.1915248999999997,7.8081806999999985
TONE 1,TONE 1,TONE,DAPAONG,Savanes,Banque,Banque Atlantique Kpegui,KPEGUI ,0.2030324431546941,10.865528234473324
ANIE 1,ANIE 1,ANIE,ANIE,Plateaux,Banque,Banque Atlantique Anié,Anié ,1.1926816666666664,7.764864999999999
ANIE 1,ANIE 1,ANIE,ANIE,Plateaux,Banque,ORABANK Anié,ANIÉ ,1.1930026989018407,7.758835267901578
AGOU 1,AGOU 1,AGOU,GADJA,Plateaux,Micro-Finance,COOPEC CFAE,AVETONOU,0.7965183333333329,6.795211666666668
OGOU 1,OGOU 1,OGOU,DJAMA,Plateaux,Banque,SPT Atakpame,Houdou,1.12474,7.532605000000001
AGOU 1,AGOU 1,AGOU,GADJA,Plateaux,Micro-Finance,CECAV Espoir Avetonou,Avetonou,0.7953296771609297,6.796030968158773
ANIE 1,ANIE 1,ANIE,ANIE,Plateaux,Banque,UTB Anié,ANIÉ ,1.1934103312774544,7.761812427428099
HAHO 2,HAHO 2,HAHO,ASRAMA,Plateaux,Micro-Finance,COOPEC AD Asrama,ASRAMA,1.4059283333333334,7.003341666666668
HAHO 2,HAHO 2,HAHO,ASRAMA,Plateaux,Micro-Finance,SPEC OIC Asrama,ASRAMA,1.4036507776243607,7.003005570374716
AGOU 1,AGOU 1,AGOU,KATI,Plateaux,Micro-Finance,CECAV Espoir de Kati,Kati,0.8490130357511639,6.890522222958023
OGOU 1,OGOU 1,OGOU,GNAGNA,Plateaux,Assurance,Service Assurance COOPEC Novissi,Lomnava,1.1287753059012569,7.524260224227986
OGOU 1,OGOU 1,OGOU,GNAGNA,Plateaux,Micro-Finance,COOPEC Novissi de Lomnava,LOMNAVA,1.1287549,7.524368600000002
OGOU 1,OGOU 1,OGOU,DJAMA,Plateaux,Banque,SPT Agbonou,AGNONOU,1.1484566666666665,7.524389999999999
HAHO 1,HAHO 1,HAHO,NOTSE,Plateaux,Assurance,GTA Assurance Notse,Barrière,1.1749534433657798,6.947048089431642
ANIE 1,ANIE 1,ANIE,ANIE,Plateaux,Micro-Finance,COOPEC Ilema d'Assigamé,Anie Assigame,1.1935250000000002,7.76074
OGOU 1,OGOU 1,OGOU,GNAGNA,Plateaux,Assurance,Caisse Nationale de Securite Sociale,LYATA,1.1415722913769988,7.51965637808875
OGOU 1,OGOU 1,OGOU,DJAMA,Plateaux,Assurance,Fidelia Assurance Agbonou,AGBONOU,1.1468943102929443,7.518359694599524
OGOU 1,OGOU 1,OGOU,DJAMA,Plateaux,Assurance,Institut Nationale d'Assurance Maladie,AGBO KPOTA,1.151416666666666,7.513229999999998
OGOU 1,OGOU 1,OGOU,DJAMA,Plateaux,Banque,BIA Togo Togo,DJAMA,1.1218516666666662,7.533131666666667
OGOU 1,OGOU 1,OGOU,GNAGNA,Plateaux,Banque,ECOBANK Houdou,Houdou,1.122783413789204,7.531569190933304
OGOU 1,OGOU 1,OGOU,GNAGNA,Plateaux,Banque,Banque Atlantique Houdou,Houdou,1.122133072085735,7.531833642145605
OGOU 1,OGOU 1,OGOU,GNAGNA,Plateaux,Micro-Finance,Microfinance dekawowo,Houdou,1.123928333333334,7.5302016666666685
OGOU 1,OGOU 1,OGOU,GNAGNA,Plateaux,Assurance,NSIA Assurance Gnagna,GNAGNA,1.141013333333334,7.519018333333334
OGOU 1,OGOU 1,OGOU,GNAGNA,Plateaux,Banque,SUNU Bank Gnagna,GNAGNA,1.1384451429458882,7.5224278731571905
AMOU 1,AMOU 1,AMOU,AMLAME (OUMA),Plateaux,Micro-Finance,Trésorerie d'Amlame,AMLAME,0.906100129116192,7.469144656473354
DANYI 1+DANYI 2,DANYI 2,DANYI,DANYI ELAVAGNON,Plateaux,Micro-Finance,FECECAV Duamenyo Elavanyo,ELAVANYO,0.7055416666666667,7.2816116666666675
KPENDJAL OUEST 2,KPENDJAL OUEST 2,KPENDJAL OUEST,PAPRI,Savanes,Micro-Finance,UMECTO Papri,PAPRI,0.423813333333333,10.992986666666669
TANDJOARE 2,TANDJOARE 2,TANDJOARE,NANO,Savanes,Micro-Finance,COOPEC SIFA de Nano,NANO CENTRE ,0.1084326897437387,10.705816546858273
TANDJOARE 2,TANDJOARE 2,TANDJOARE,DOUKPERGOU,Savanes,Micro-Finance,CMECS Sikbaog,SIKBAOG,0.0835583333333327,10.638938333333334
OTI SUD 1,OTI SUD 1,OTI SUD,GANDO,Savanes,Banque,SPT Kando,KANDO CENTRE ,0.7425432377008774,10.326937118346466
TANDJOARE 2,TANDJOARE 2,TANDJOARE,NANO,Savanes,Micro-Finance,COOPEC Nataan Agence de Nano,NANO,0.1132467112871075,10.701393226030408
TANDJOARE 2,TANDJOARE 2,TANDJOARE,NANO,Savanes,Micro-Finance,Amis Financer des Pauvres,NANO ,0.1106811769479809,10.702305254359022
OTI 1,OTI 1,OTI,MANGO,Savanes,Micro-Finance,COOPEC Lumiere Mango,MANGO ,0.4689195499524681,10.351599742699465
CINKASSE 1,CINKASSE 1,CINKASSE,CINKASSE,Savanes,Micro-Finance,CEMEC Cinkanssé,Quartier  Nazemssé,0.02932876,11.096675949999998
TONE 3,TONE 3,TONE,LOTOGOU,Savanes,Micro-Finance,La Caisse Mutuelle d'epargne et de Credit de LoTogou,LOTOGOU CENTRE,0.025030935448983,10.798298552289149
CINKASSE 1,CINKASSE 1,CINKASSE,CINKASSE,Savanes,Micro-Finance,V.I.Z.A- Togo,Quartier Nazemssé,0.025253169999999,11.0961158
CINKASSE 1,CINKASSE 1,CINKASSE,CINKASSE,Savanes,Micro-Finance,COOPEC Lando,Ville Cinkanssé ,0.0211470599999989,11.09717948
KPENDJAL OUEST 1,KPENDJAL OUEST 1,KPENDJAL OUEST,NAKI EST,Savanes,Micro-Finance,COOPEC SIFA de Naki Est Centre,NAKI EST CENTRE,0.3846333333333324,10.729888333333337
OTI 1,OTI 1,OTI,MANGO,Savanes,Banque,ORABANK Mango,N/a,0.4754733333333329,10.35716333333333
OTI 2,OTI 2,OTI,BARKOISSI,Savanes,Micro-Finance,FUCEC Togo Barkoissi,BORKOISSI ,0.3019366666666656,10.558060000000005
OTI 1,OTI 1,OTI,MANGO,Savanes,Micro-Finance,COOPEC SIFA Mango,MANGO,0.4693016666666665,10.348063333333334
OTI 1,OTI 1,OTI,MANGO,Savanes,Banque,UTB Mango,MANGO,0.4693666666666666,10.352395
OTI 2,OTI 2,OTI,BARKOISSI,Savanes,Micro-Finance,COOPEC SIFA Barkoissi ,BARKOISSI ,0.3054883333333328,10.557075000000005
OTI 2,OTI 2,OTI,BARKOISSI,Savanes,Micro-Finance,U-CMECS Lantodim,BARKOISSI ,0.3032583333333335,10.55560333333333
KPENDJAL OUEST 2,KPENDJAL OUEST 2,KPENDJAL OUEST,PAPRI,Savanes,Micro-Finance,U-CMECS (union des Caisses Mutuelles D'epargne et de Crédit des Savanes),TAMBONGA ,0.4357950202027965,10.953968223424951
CINKASSE 1,CINKASSE 1,CINKASSE,CINKASSE,Savanes,Banque,Banque Atlantique Quartier Samango,Quartier samango,0.016539589999999,11.102568520000004
CINKASSE 1,CINKASSE 1,CINKASSE,CINKASSE,Savanes,Banque,ECOBANK Cinkanssé,Quartier samango,0.0162530099999996,11.10216061
CINKASSE 1,CINKASSE 1,CINKASSE,CINKASSE,Savanes,Banque,CORIS Bank Cinkanssé ,Cinkanssé ,0.0227043699999995,11.097053140000002
CINKASSE 1,CINKASSE 1,CINKASSE,CINKASSE,Savanes,Banque,BOA Cinkanssé,Cinkanssé ,0.025987670000001,11.096349140000004
CINKASSE 2,CINKASSE 2,CINKASSE,TIMBOU,Savanes,Micro-Finance,V.I.Z.A- Togo Natinga,Quartier natinga,0.1164212700000001,11.03596488
TANDJOARE 1,TANDJOARE 1,TANDJOARE,BOMBOUAKA,Savanes,Banque,SPT Bombouaka,BOMBOUAKA,0.2076119019961916,10.699540591129123
TANDJOARE 1,TANDJOARE 1,TANDJOARE,BOMBOUAKA,Savanes,Micro-Finance,UMECTO Bombouaka,BOMBOUAKA,0.2081018484449186,10.700130500325534
TANDJOARE 1,TANDJOARE 1,TANDJOARE,TAMONGUE,Savanes,Micro-Finance,U-CMECS Tamou,TAMOU,0.1747299999999998,10.596316666666668
TONE 1,TONE 1,TONE,DAPAONG,Savanes,Banque,ORABANK Nassablé,NASSABLE ,0.2003816666666658,10.877000000000002
TONE 1,TONE 1,TONE,DAPAONG,Savanes,Micro-Finance,Microfinance U-CMECS,KOMBONLOAGA ,0.1967783333333335,10.875438333333332
TONE 1,TONE 1,TONE,DAPAONG,Savanes,Micro-Finance,Incha Allah Finance,KOMBONLOAGA ,0.1986583333333329,10.870201666666668
TONE 1,TONE 1,TONE,DAPAONG,Savanes,Micro-Finance,Microfinance AFP,KPEGUI ,0.2015649999999997,10.869738333333332
TONE 1,TONE 1,TONE,DAPAONG,Savanes,Micro-Finance,Direction COOPEC- SIFA,KOMBONLOAGA ,0.1999166666666664,10.865344999999998
TONE 1,TONE 1,TONE,DAPAONG,Savanes,Micro-Finance,UMECTO Napiengue,NAPIENGUE ,0.2034566666666671,10.86282
OTI SUD 1,OTI SUD 1,OTI SUD,SAGBIEBOU,Savanes,Micro-Finance,U-CMECS Sagbiebou,SAGBIEBOU 1,0.6451099999999996,10.245945
OTI SUD 1,OTI SUD 1,OTI SUD,GANDO,Savanes,Micro-Finance,FUCEC Togo -Togo (COOPEC Lumière Agence Kando ),Kando,0.7450254614202725,10.33152337118989
OTI SUD 1,OTI SUD 1,OTI SUD,GANDO,Savanes,Micro-Finance,COOPEC SIFA Gando Centre,GANDO CENTRE ,0.7483766666666668,10.333923333333336
TONE 1,TONE 1,TONE,DAPAONG,Savanes,Micro-Finance,FUCEC Togo  COOPEC Lando,NASSABLE ,0.1935616666666662,10.882031666666668
TONE 1,TONE 1,TONE,DAPAONG,Savanes,Micro-Finance,COOPEC AD Dapaong,NAPIENGUE ,0.2062104997988418,10.86756689560784
TONE 1,TONE 1,TONE,DAPAONG,Savanes,Micro-Finance,CECAV Dapaong,NAPIENGUE ,0.2045483333333328,10.862111666666667
OTI 2,OTI 2,OTI,BARKOISSI,Savanes,Banque,SPT Barkoissi,Barkoissi,0.3045488080692265,10.555431316135545
OTI 1,OTI 1,OTI,MANGO,Savanes,Banque,SPT Mango,Mango,0.4719815245260524,10.357189506891158
OTI 1,OTI 1,OTI,MANGO,Savanes,Micro-Finance,Transfert d'argent Al-izza,Mango (sangbana),0.4704172075691301,10.354195912335152
OTI SUD 2,OTI SUD 2,OTI SUD,TAKPAMBA,Savanes,Micro-Finance,COOPEC SIFA Takpamba,TAKPAMBA ,0.5788476736208518,9.970867266857974
TONE 1,TONE 1,TONE,DAPAONG,Savanes,Banque,ECOBANK Dapaong,DAPAONG,0.2021333333333333,10.869443333333331
TONE 1,TONE 1,TONE,DAPAONG,Savanes,Banque,BSIC Dapaong,DAPAONG,0.2005323882126942,10.87647751898997
TONE 1,TONE 1,TONE,DAPAONG,Savanes,Banque,UTB Dapaong,KOUKOUARE,0.2054283333333333,10.860778333333334
TONE 1,TONE 1,TONE,DAPAONG,Savanes,Banque,BTCI Worgou,Worgou,0.2024338372086217,10.850130196071142
GOLFE 1,GOLFE 1,GOLFE,BE EST,Grand Lomé,Banque,Direction générale Ecobank Togo,Adawlato,1.2585633234167288,6.13597966622959
KLOTO 1,KLOTO 1,KLOTO,AGOME KPALIME,Plateaux,Micro-Finance,FUCEC Kpalime,Gniveme,0.63340629671594,6.914479978758992
