année,usage Internet (%),variation (pp),croissance annuelle (%),cumul depuis 2000 (pp),année atypique
2000,0.8,,,0.0,—
2001,0.9,0.1,12.5,0.1,normal
2002,1.0,0.1,11.111,0.2,normal
2003,1.2,0.2,20.0,0.4,normal
2004,1.5,0.3,25.0,0.7,normal
2005,1.8,0.3,20.0,1.0,normal
2006,2.0,0.2,11.111,1.2,normal
2007,2.2,0.2,10.0,1.4,normal
2008,2.4,0.2,9.091,1.6,normal
2009,2.6,0.2,8.333,1.8,normal
2010,3.0,0.4,15.385,2.2,normal
2011,3.5,0.5,16.667,2.7,normal
2012,4.0,0.5,14.286,3.2,normal
2013,4.5,0.5,12.5,3.7,normal
2014,5.7,1.2,26.667,4.9,normal
2015,7.12,1.42,24.912,6.32,normal
2016,11.31,4.19,58.848,10.51,pic
2017,12.36,1.05,9.286,11.56,creux
2018,15.5,3.14,25.402,14.7,normal
2019,20.727,5.227,33.725,19.927,pic
2020,29.024,8.296,40.026,28.224,pic
2021,30.338,1.315,4.53,29.538,creux
2022,35.607,5.269,17.368,34.807,pic
2023,37.57,1.963,5.512,36.77,normal
2024,39.483,1.913,5.092,38.683,normal
