id,objectif,indicateur,objectif analytique,formule,unité,source,période,niveau géographique,règles de calcul,valeur,statut,limites
K1.1,1,Taux d'usage d'Internet,Niveau d'adoption individuelle,individus ayant utilisé Internet (3 derniers mois) ÷ population × 100,%,Banque mondiale (IT.NET.USER.ZS),2024,National,Série XML (révision la plus récente),39.48320007,Calculé,"Personnes, pas abonnements ; estimation annuelle révisable"
K1.2,1,Gain annuel d'usage,Rythme récent,usage(2024) − usage(2023),points de pourcentage,Banque mondiale (IT.NET.USER.ZS),2023→2024,National,Différence simple,1.912998200000004,Calculé,Une seule année : volatil (voir moyennes mobiles)
K1.3,1,Évolution cumulée de l'usage,Progression totale,usage(2024) − usage(2000),points de pourcentage,Banque mondiale (IT.NET.USER.ZS),2000–2024,National,Différence simple,38.683200070000005,Calculé,Rupture de résolution de la série vers 2015
K1.4,1,Croissance annuelle moyenne de l'usage,Dynamique relative récente,(usage(2024) ÷ usage(2019))^(1/5) − 1,%/an,Banque mondiale (IT.NET.USER.ZS),2019–2024,National,Défini si usage(2019) > 0,13.755897060117594,Calculé,Décroît mécaniquement quand le niveau monte
K1.5,1,Rythme moyen depuis la rupture de tendance,Vitesse de l'adoption depuis le changement de régime,(usage(2024) − usage(rupture)) ÷ (2024 − rupture),points de pourcentage par an,Banque mondiale (IT.NET.USER.ZS),2015–2024,National,Rupture estimée par régression linéaire continue à 1 rupture (BIC),3.5959111315555554,Calculé,Rupture partiellement d'origine statistique
K1.6,1,Année de rupture de tendance,Localiser l'accélération,argmin_b SSE de la droite brisée continue à 1 rupture,année,Banque mondiale (IT.NET.USER.ZS),2000–2024,National,"Recherche exhaustive, segments ≥ 3 points",2015.0,Calculé,Descriptif ; pas d'explication causale
K1.7,1,Abonnements Internet par utilisateur,Écart abonnements / personnes,taux de pénétration des abonnements Internet ÷ usage individuel,ratio,Banque mondiale (IT.NET.USER.ZS) ; Régulateur télécom (observationdata-cxnvmoc / -mesqyx),2019,National,Défini si usage > 0,2.160918142595147,Calculé,Définitions non identiques (contrats vs personnes)
K1.8,1,Cartes SIM pour 100 habitants,Équipement mobile,abonnés GSM ÷ population × 100 (télédensité mobile),SIM / 100 hab.,Régulateur télécom (observationdata-cxnvmoc / -mesqyx),2019,National,Valeur publiée par le régulateur,81.91,Calculé,Multi-détention de SIM ; pas des personnes
K2.1,2,Part de marché de Togocom (Moov = 100 % − Togocom),Structure du marché,abonnés GSM Togo Cellulaire ÷ abonnés GSM totaux × 100,%,Régulateur télécom (observationdata-cxnvmoc / -mesqyx),2019,National,Part publiée,51.44,Calculé,Point 2018 atypique (Moov majoritaire)
K2.2,2,Variation de la part de Moov,Évolution de la concurrence,part(2019) − part(2013),points de pourcentage,Régulateur télécom (observationdata-cxnvmoc / -mesqyx),2013–2019,National,Différence simple,3.1300000000000026,Calculé,Sensible aux points atypiques de 2018
K2.3,2,Indice de concentration HHI,Concentration du marché,Σ part_i² (parts en %),indice 0–10 000,Régulateur télécom (observationdata-cxnvmoc / -mesqyx),2019,National,Minimum théorique 5 000 pour 2 opérateurs,5004.147199999999,Calculé,2 opérateurs seulement dans les données
K2.4,2,Croissance annuelle moyenne des abonnés GSM,Dynamique des volumes,(abonnés(2019) ÷ abonnés(2013))^(1/6) − 1,%/an,Régulateur télécom (observationdata-cxnvmoc / -mesqyx),2013–2019,National,Défini si abonnés(2013) > 0,9.030858186748025,Calculé,Multi-détention de SIM
K2.5,2,Croissance annuelle moyenne du chiffre d'affaires,Dynamique des valeurs,(CA(2019) ÷ CA(2013))^(1/6) − 1,%/an (FCFA courants),Régulateur télécom (observationdata-cxnvmoc / -mesqyx),2013–2019,National / secteur,Valeurs nominales,0.5738658809239183,Calculé,"Non déflaté ; secteur, pas opérateur"
K2.6,2,Investissement rapporté au chiffre d'affaires,Effort d'investissement,Σ investissement ÷ Σ chiffre d'affaires × 100,%,Régulateur télécom (observationdata-cxnvmoc / -mesqyx),2013–2019,National / secteur,Somme des 7 années,22.734148074902663,Calculé,"Nature de l'investissement inconnue (réseau, licences…)"
K2.7,2,CA par abonné GSM,Valeur par abonné,chiffre d'affaires du secteur ÷ abonnés GSM,FCFA par abonné et par an,Régulateur télécom (observationdata-cxnvmoc / -mesqyx),2019,National / secteur,Remplace l'ARPU brut inutilisable,29637.534273317517,Calculé,"Numérateur tout secteur, dénominateur GSM ; indicatif"
K2.8,2,Variation du CA par abonné,Érosion de la valeur par abonné,(CA par abonné 2019 ÷ CA par abonné 2013 − 1) × 100,%,Régulateur télécom (observationdata-cxnvmoc / -mesqyx),2013–2019,National / secteur,Défini si CA par abonné(2013) > 0,-38.39523843112943,Calculé,Non déflaté
K2.9,2,Part du haut débit (3G+4G) dans l'Internet mobile,Transition 2G → 3G/4G,(abonnés 3G + abonnés 4G) ÷ abonnés Internet mobile × 100,%,Régulateur télécom (observationdata-cxnvmoc / -mesqyx),2019,National,Séries manquantes non remplacées par 0 (identité vérifiée),60.66149690376371,Calculé,"Abonnements, pas couverture"
K2.10,2,Part de la 4G dans l'Internet mobile,Adoption de la 4G,abonnés 4G ÷ abonnés Internet mobile × 100,%,Régulateur télécom (observationdata-cxnvmoc / -mesqyx),2019,National,4G Moov non déclarée en 2018-2019,5.162090114825543,Calculé,Sous-estimation possible (Moov)
K2.11,2,Part du haut débit chez Togocom,Migration par opérateur,(3G + 4G) ÷ abonnés Internet mobile de l'opérateur × 100,%,Régulateur télécom (observationdata-cxnvmoc / -mesqyx),2019,National,Par opérateur,99.92002019948401,Calculé,Ruptures de série 2018-2019
K2.12,2,Part du haut débit chez Moov,Migration par opérateur,(3G + 4G) ÷ abonnés Internet mobile de l'opérateur × 100,%,Régulateur télécom (observationdata-cxnvmoc / -mesqyx),2019,National,Par opérateur,32.291702768326225,Calculé,Ruptures de série 2016-2019
K2.13,2,Abonnements FTTH,Développement de la fibre,nombre d'abonnements FTTH déclarés,abonnements,Régulateur télécom (observationdata-cxnvmoc / -mesqyx),2019,National,Somme des opérateurs,6888.0,Calculé,"Abonnements, pas foyers raccordables"
K2.14,2,Poids de la fibre dans l'Internet,Place de la fibre,abonnements FTTH ÷ abonnements Internet (fixe + mobile) × 100,%,Régulateur télécom (observationdata-cxnvmoc / -mesqyx),2019,National,Défini si total > 0,0.20188703412178113,Calculé,Idem
K2.15,2,Part du mobile dans les abonnements Internet,Mobile vs fixe,abonnés Internet mobiles ÷ abonnés Internet (fixe + mobile) × 100,%,Régulateur télécom (observationdata-cxnvmoc / -mesqyx),2019,National,Total = mobile + fixe (identité vérifiée),99.06504144868602,Calculé,Fixe déclaré : séries manquantes certaines années
K2.16,2,Chiffre d'affaires et investissement par opérateur,Comparer les opérateurs,CA (ou investissement) de l'opérateur ÷ total,%,Non disponible,—,National,Aucune ventilation par opérateur dans le fichier,,Non calculable,Donnée absente : analyse impossible
K2.17,2,Population couverte par technologie,Couverture 3G/4G/fibre,population couverte ÷ population,%,Non disponible,—,National,Aucune donnée de couverture,,Non calculable,Ne pas assimiler abonnements et couverture
K2.18,2,Abonnés 5G,Nouvelle génération,abonnés 5G,abonnements,Non disponible,—,National,5G non documentée dans les fichiers,,Non calculable,Donnée absente
K3.1,3,Établissements financiers formels retenus,Taille du réseau formel,nombre d'établissements opérationnels ou de statut indéterminé,établissements,"Collecte de terrain (établissements, agents MM)",export du 08/01/2025,Togo,"Exclusion des statuts fermé, abandonné, inachevé, en construction, en réfection",724.0,Calculé,Date de collecte inconnue
K3.2,3,Établissements exclus (non opérationnels),Qualité du fichier,nombre d'établissements de statut non opérationnel,établissements,"Collecte de terrain (établissements, agents MM)",export du 08/01/2025,Togo,Voir 6.5,14.0,Calculé,Statuts indéterminés conservés
K3.3,3,Agents Mobile Money recensés,Taille du réseau numérique,nombre d'agents (lignes distinctes),agents,"Collecte de terrain (établissements, agents MM)",export du 19/12/2024,Togo,Aucun doublon exact ; quasi-doublons ≤ 10 m conservés,19788.0,Calculé,Aucune information d'activité
K3.4,3,Part du Grand Lomé dans les établissements formels,Concentration du réseau formel,établissements du Grand Lomé ÷ établissements du Togo × 100,%,"Collecte de terrain (établissements, agents MM) ; RGPH-5 (INSEED)",2022 / 2024-2025,Région,Région d'analyse dérivée du RGPH-5,41.29834254143646,Calculé,Comparer à sa part de population
K3.5,3,Part du Grand Lomé dans les agents Mobile Money,Concentration du réseau numérique,agents du Grand Lomé ÷ agents du Togo × 100,%,Collecte de terrain + RGPH-5 (INSEED),2024,Région,Idem,32.944208611279564,Calculé,Idem
K3.6,3,Communes avec au moins un établissement formel,Couverture communale du réseau formel,communes avec n_formel ≥ 1 ÷ 116 × 100,%,Collecte de terrain + RGPH-5 (INSEED),2024-2025,Commune,Absence recensée ≠ absence réelle,81.03448275862068,Calculé,Un établissement dans une commune voisine n'est pas compté
K3.7,3,Agents éloignés d'un point formel,Isolement géographique des agents,agents à > 10 km du plus proche établissement ÷ agents × 100,%,"Collecte de terrain (établissements, agents MM)",2024-2025,Togo,Distance orthodromique,7.6662623812411566,Calculé,Ni route ni temps d'accès
K4.1,4,Habitants par établissement formel,Charge démographique du réseau formel,population ÷ nombre d'établissements,habitants,Collecte de terrain + RGPH-5 (INSEED),2022 / 2024-2025,National,Défini si établissements > 0,11181.627071823204,Calculé,"Charge, pas distance"
K4.2,4,Habitants par agent Mobile Money,Charge démographique du réseau numérique,population ÷ nombre d'agents,habitants,Collecte de terrain + RGPH-5 (INSEED),2022 / 2024,National,Défini si agents > 0,409.1114817060845,Calculé,Agents inactifs comptés
K4.3,4,Agents Mobile Money par établissement formel,Rapport entre réseaux,agents ÷ établissements,ratio,"Collecte de terrain (établissements, agents MM)",2024-2025,National,Défini si établissements > 0,27.331491712707184,Calculé,Natures d'offre différentes
K4.4,4,Points d'accès financiers pour 10 000 habitants,Densité totale d'accès,(établissements + agents) ÷ population × 10 000,points / 10 000 hab.,Collecte de terrain + RGPH-5 (INSEED),2022 / 2024-2025,National,Somme de deux réseaux non équivalents,25.337539457115547,Calculé,Somme de natures d'offre différentes
K4.5,4,Écart régional de desserte formelle,Disparités entre régions,max ÷ min du ratio hab./établissement entre les 6 régions,rapport,Collecte de terrain + RGPH-5 (INSEED),2022 / 2024-2025,Région,Régions d'analyse,2.5613160731751856,Calculé,Moyennes régionales : masquent les disparités internes
K4.6,4,Préfectures à desserte formelle « faible » (> 15 000 hab./établissement),Territoires sous-dotés,préfectures avec hab./établissement > 15000,préfectures (sur 39),Collecte de terrain + RGPH-5 (INSEED),2022 / 2024-2025,Préfecture,"Seuil analytique de la v2, sensibilité en 13.2",16.0,Calculé,Seuil non normatif
K4.7,4,Communes MM-only,Territoires sans établissement recensé,communes avec n_formel = 0 et n_agents ≥ 1,communes (sur 116),"Collecte de terrain (établissements, agents MM)",2024-2025,Commune,Définition 14.1 ; DANYI agrégée,22.0,Calculé,Absence recensée ≠ absence réelle
K4.8,4,Population des communes MM-only,Population concernée,Σ population des communes MM-only,habitants,Collecte de terrain + RGPH-5 (INSEED),2022 / 2024-2025,Commune,Population RGPH-5,759599.0,Calculé,Ne dit rien de l'usage effectif
K4.9,4,Part de la population dans les communes MM-only,Poids démographique du phénomène,population des communes MM-only ÷ population nationale × 100,%,Collecte de terrain + RGPH-5 (INSEED),2022 / 2024-2025,Commune,Idem,9.382980515837321,Calculé,"Population recensée en 2022, établissements en 2024-2025 : décalage temporel"
K4.10,4,Communes MM-only à maillage MM ténu,Double fragilité,communes MM-only avec agents/10 000 hab. < ½ moyenne nationale,communes,"Collecte de terrain (établissements, agents MM)",2024,Commune,Seuil relatif,9.0,Calculé,Peut refléter une collecte incomplète
K4.11,4,Gini de la desserte formelle (communes),Inégalité territoriale du réseau formel,1 − 2 × aire sous la courbe de Lorenz (communes triées par densité),indice 0–1,Collecte de terrain + RGPH-5 (INSEED),2022 / 2024-2025,Commune,Pondéré par la population,0.4293385003608765,Calculé,IC95 % large (116 unités)
K4.12,4,Gini de la desserte Mobile Money (communes),Inégalité territoriale du réseau MM,"idem, agents MM",indice 0–1,Collecte de terrain + RGPH-5 (INSEED),2022 / 2024,Commune,Idem,0.37871840436525117,Calculé,Différence avec le formel non significative
K4.13,4,Distance médiane des agents au point formel (communes MM-only),Éloignement réel des communes MM-only,"médiane, sur les communes MM-only, de la médiane des distances agent → établissement le plus proche",km,"Collecte de terrain (établissements, agents MM)",2024-2025,Commune,Distance orthodromique,12.52476009506399,Calculé,Ni route ni temps d'accès
K4.14,4,Élasticité population → établissements (communes),Concentration relative dans les grandes communes,pente de log(établissements) ~ log(population),élasticité,Collecte de terrain + RGPH-5 (INSEED),2022 / 2024-2025,Commune,Communes avec ≥ 1 établissement,1.0604508114775797,Calculé,"Corrélation, pas causalité"
K4.15,4,Densité d'établissements par km²,Densité spatiale,établissements ÷ superficie,établissements / km²,Non disponible,—,Toutes,Superficies absentes des fichiers fournis,,Non calculable,Donnée absente : indicateur non calculé
K5.1,5,Communes en palier P1,Priorités d'intervention rapide,IB ≥ Q3 et levier numérique ≥ médiane,communes,Collecte de terrain + RGPH-5 (INSEED),2022 / 2024-2025,Commune,"Indice de besoin 35/25/20/20 (déficit, population, absence, isolement)",10.0,Calculé,Pondérations = choix analytique
K5.2,5,Communes en palier P2,Priorités de renforcement structurel,IB ≥ Q3 et levier numérique < médiane,communes,Collecte de terrain + RGPH-5 (INSEED),2022 / 2024-2025,Commune,Idem,19.0,Calculé,Idem
K5.3,5,Part de la population en communes P1/P2,Poids démographique des priorités,population des communes P1 et P2 ÷ population nationale × 100,%,Collecte de terrain + RGPH-5 (INSEED),2022,Commune,Idem,16.921664362093598,Calculé,Idem
K5.4,5,Communes du noyau de priorité stable,Robustesse du classement,communes dans le top 15 dans ≥ 80 % de 2 000 pondérations aléatoires,communes,Collecte de terrain + RGPH-5 (INSEED),2022 / 2024-2025,Commune,Loi de Dirichlet uniforme,10.0,Calculé,Dépend des critères retenus
K5.5,5,Besoin indicatif d'établissements (scénario de référence),Ordre de grandeur,"Σ max(0, ⌈population ÷ hab./établissement national⌉ − établissements) sur P1/P2",établissements,Collecte de terrain + RGPH-5 (INSEED),2022 / 2024-2025,Commune,"Scénario, pas une cible",123.0,Calculé,Aucune norme ni étude de viabilité ne justifie ce niveau
