pole_lbl,communes_MM_only,population_dependante,agents,communes,region_a,population du pôle,établissements du pôle,pôle fragile (≤ 2 établissements)
Tone 1,2,116756,251,"Tone 2, Tone 4",Savanes,211743,15,False
Bassar 2,1,76652,37,Dankpen 3,Kara,36476,2,True
Akebou 1,2,59333,80,"Wawa 3, Akebou 2",Plateaux,44196,2,True
Haho 1,1,58695,105,Haho 3,Plateaux,119929,16,False
Oti-Sud 2,1,53305,38,Keran 2,Savanes,44324,1,True
Kpendjal-Ouest 2,1,47903,36,Kpendjal 1,Savanes,66871,2,True
Blitta 1,1,45218,6,Blitta 3,Centrale,71539,8,False
Kozah 1,2,44409,69,"Kozah 3, Kozah 4",Kara,193625,26,False
Tchaoudjo 1,2,42375,110,"Tchaoudjo 2, Tchaoudjo 3",Centrale,177706,20,False
Kpendjal-Ouest 1,1,40462,5,Kpendjal 2,Savanes,56459,1,True
Doufelgou 3,1,32716,31,Dankpen 2,Kara,28262,3,False
Keran 1,1,30983,10,Keran 3,Kara,44399,7,False
Ave 1,1,27465,50,Agou 2,Maritime intérieur,75044,10,False
Assoli 1,2,25977,59,"Assoli 2, Assoli 3",Kara,40417,7,False
Wawa 1,1,20414,16,Wawa 2,Plateaux,51187,4,False
Tchamba 1,1,20279,33,Tchaoudjo 4,Centrale,82451,6,False
Bassar 3,1,16657,29,Bassar 4,Kara,33873,3,False
