prefecture,région,communes P1/P2,population P1/P2,population de la préfecture,% de la préfecture en P1/P2,communes MM-only,"besoin indicatif (points, référence nationale)"
Tone,Savanes,3,177032,388775,45.54,2,16
Agoe-Nyive,Grand Lomé,1,154431,882695,17.5,0,10
Haho,Plateaux,2,141202,305096,46.28,1,12
Dankpen,Kara,2,109368,185662,58.91,2,10
Est-Mono,Plateaux,1,101866,164460,61.94,0,9
Kpendjal,Savanes,2,88365,88365,100.0,2,9
Keran,Kara,2,84288,128687,65.5,2,8
Anie,Plateaux,1,79413,180158,44.08,0,7
Kpendjal-Ouest,Savanes,1,66871,123330,54.22,0,4
Tchamba,Centrale,1,64930,200585,32.37,0,5
Tchaoudjo,Centrale,3,62654,240360,26.07,3,7
Wawa,Plateaux,2,50113,101300,49.47,2,5
Blitta,Centrale,1,45218,163272,27.69,1,5
Kozah,Kara,2,44409,283738,15.65,2,5
Akebou,Plateaux,1,29634,73830,40.14,1,3
Agou,Plateaux,1,27465,85793,32.01,1,3
Assoli,Kara,2,25977,66394,39.13,2,3
Bassar,Kara,1,16657,152065,10.95,1,2
