id,axe,justification,constat,territoire,action,kpi,limite,horizon,acteurs
R-I1,Internet,Piste — étude complémentaire requise,"Malgré 82 cartes SIM et 45 abonnements Internet pour 100 habitants en 2019, 21 personnes pour 100 utilisaient Internet ; en 2024, 39,5 % l'utilisent, et les gains annuels récents ne sont que de 2,0 et 1,9 pp (contre 5,3 pp en 2022). Détenir une SIM ne suffit donc pas à expliquer l'usage.","National ; l'enquête recommandée permettra d'établir la toute première ventilation territoriale de l'usage, ouvrant la voie à un ciblage précis.","Réaliser ou exploiter une enquête ménages sur les TIC, représentative au niveau région/préfecture, pour documenter les freins (coût des données et des terminaux, compétences, contenus, couverture). Ne fixer aucune cible territoriale d'usage avant cette enquête.",K1.1 (usage) ventilé par région ; K1.7 (abonnements par utilisateur) ; écart SIM–usage.,"Les freins ne sont pas documentés : prix, terminaux, compétences ou couverture restent des hypothèses. Série nationale issue d'estimations.",Court terme (enquête),"Institut national de la statistique (INSEED), régulateur télécom, ministère en charge du numérique"
R-I2,Internet,Justifiée par les données (constat) ; action à valider avec les opérateurs,"En 2019, 99,9 % des abonnés Internet mobile de Togocom sont en 3G/4G contre 32 % chez Moov (dont 68 % en GPRS/EDGE, 1 328 472 clients) ; aucun client 4G n'est déclaré pour Moov. Au niveau national, la part du haut débit recule de 94 % (2016) à 61 % (2019).",Niveau opérateur (Moov en priorité) ; la publication annuelle recommandée introduira la déclinaison territoriale par préfecture.,"Publier chaque année, par opérateur et par préfecture, la répartition 2G/3G/4G des abonnés Internet et la population couverte par technologie ; examiner avec les opérateurs les leviers de migration (terminaux, tarifs, couverture) et mesurer leur effet.",K2.11 et K2.12 (part 3G+4G par opérateur) ; K2.10 (part de la 4G) ; nouveau : population couverte 3G/4G par commune.,"Séries arrêtées en 2019, ruptures de séries signalées (2016, 2018-2019) : le niveau réel actuel est inconnu.",Court à moyen terme,"Régulateur télécom, opérateurs mobiles"
R-I3,Internet,Justifiée par les données (constat) ; ciblage à documenter,"Le mobile porte 99,1 % des abonnements Internet en 2019 ; la fibre FTTH ne compte que 6 888 abonnements, soit 0,20 % du total, même si elle est multipliée par 3,3 en un an.",National à court terme (objectif mobile) ; une déclinaison territoriale de la fibre suivra la publication de la couverture par commune.,Fonder l'objectif d'accès à Internet sur le mobile à court terme ; publier le nombre de foyers/sites raccordables à la fibre par commune pour distinguer couverture et abonnements avant tout objectif territorial de fibre.,K2.13 (abonnements FTTH) ; K2.14 (poids de la fibre) ; nouveau : foyers raccordables par commune.,Aucune donnée de couverture fibre ; abonnements 2019 seulement.,Moyen terme,"Régulateur télécom, opérateurs fixes, collectivités"
R-I4,Internet,Justifiée par les données (constat) ; action = suivi économique,"Le CA du secteur a crû de 3,5 % de 2013 à 2019 (FCFA courants) alors que les abonnés GSM étaient multipliés par 1,68 et l'usage par 4,6 : le CA par abonné recule de 38 % ; l'investissement représente 22,7 % du CA cumulé, avec un pic à 39 % en 2018.","Secteur, national ; la publication recommandée permettra une lecture par opérateur, par technologie et par région.","Publier les séries de chiffre d'affaires, d'ARPU (corrigé : la série brute a une échelle erronée), et d'investissement par opérateur, par technologie et par région pour évaluer la capacité de financement d'une extension de couverture dans les zones peu denses.",K2.7 (CA par abonné) ; K2.5 (croissance du CA) ; K2.6 (investissement / CA) ; nouveau : part de l'investissement hors Grand Lomé.,"Valeurs nominales, données 2013-2019 ; causes de la baisse du revenu par abonné non testables.",Moyen terme,"Régulateur télécom, opérateurs, ministère des finances"
R-I5,Internet,Piste — étude complémentaire requise,"9 communes MM-only (377 287 hab.) ont moins de la moitié de la densité nationale d'agents Mobile Money (12,2 pour 10 000 hab.) : Dankpen 3, Keran 2, Kpendjal 1, Blitta 3, Kpendjal 2, Dankpen 2, Keran 3, Akebou 2, Wawa 2 ; la moins dotée est Kpendjal 2 (1,2).","Communes MM-only à maillage ténu : Dankpen 3, Keran 2, Kpendjal 1, Blitta 3, Kpendjal 2, Dankpen 2, Keran 3, Akebou 2, Wawa 2.","Auditer la couverture mobile et l'usage (données des opérateurs, mesures de terrain, vérification de la complétude de la collecte des agents) dans ces communes avant tout investissement, en s'appuyant sur la densité d'agents Mobile Money comme premier indicateur indirect de desserte.",K4.10 (communes MM-only à maillage ténu) ; nouveau : population couverte 3G/4G par commune.,"Un faible nombre d'agents peut refléter une collecte incomplète ou un marché étroit, et non une faible couverture Internet : hypothèse à vérifier.",Court terme (audit),"Régulateur télécom, opérateurs, INSEED"
R-F1,Inclusion financière,Justifiée par les données,"10 communes P1 (besoin élevé, réseau Mobile Money au moins médian ; 288 099 hab.) sont sans établissement formel ; 14 communes MM-only à moins de 15 km d'un pôle formel (469 719 hab.).","Communes P1 : Tone 4, Haho 3, Tchaoudjo 2, Wawa 3, Agou 2, Tchaoudjo 3, Kozah 4, Bassar 4, Assoli 3, Assoli 2. Communes MM-only d'extension possible (type A) : Dankpen 3, Tone 4, Haho 3, Tone 2, Dankpen 2, Wawa 3, Agou 2, Tchaoudjo 4, Wawa 2, Kozah 3, Kozah 4, Bassar 4, Assoli 3, Assoli 2.","Étendre l'offre formelle depuis le pôle voisin par des partenariats banques/IMF ↔ opérateurs Mobile Money (agents bancaires, guichets mobiles rattachés au pôle) ; pilote d'agents-relais formés à l'accompagnement numérique. Commencer par les communes les plus peuplées.",K4.7 (communes MM-only) ; K4.8-K4.9 (population concernée) ; K4.13 (distance médiane) ; nouveau : nombre d'agents formés.,Capacité des pôles inconnue (voir R-F6) ; agents inactifs comptés ; compétences des agents non documentées.,Court à moyen terme,"Banques et IMF, opérateurs Mobile Money, autorité de supervision financière, collectivités"
R-F2,Inclusion financière,Justifiée par les données (ciblage) ; viabilité à étudier,"8 communes MM-only sont à plus de 15 km du point formel le plus proche (289 880 hab.) ; les plus isolées : Kpendjal 1 (38 km), Akebou 2 (31 km), Kpendjal 2 (27 km). 6 d'entre elles cumulent un maillage MM ténu.","Communes MM-only à isolement supérieur à 15 km (type B) : Keran 2, Kpendjal 1, Blitta 3, Kpendjal 2, Keran 3, Akebou 2, Tchaoudjo 2, Tchaoudjo 3.",Étudier la viabilité d'un point relais permanent ou d'une agence mobile itinérante (calendrier hebdomadaire) et renforcer d'abord le maillage d'agents là où il est ténu ; ne pas conclure à l'implantation d'un établissement sans étude de demande.,K4.13 (distance médiane) ; K4.10 (maillage ténu) ; K4.7 ; nouveau : fréquentation des points relais.,"Aucune donnée de coût, de route, de demande ou de couverture réseau : faisabilité approchée par la seule distance à vol d'oiseau.",Moyen terme,"Banques et IMF, opérateurs, collectivités, ministère des finances"
R-F3,Inclusion financière,Justifiée par les données,"7 communes P1/P2 ont des établissements mais une desserte très inférieure à leur population (610 294 hab.) ; 7 communes de plus de 40 000 habitants n'ont qu'un seul établissement (par exemple Est-Mono 2, Anie 2, Tchamba 2, Tone 3) ; 9 préfectures dépassent le double du ratio national (11 182 hab./établissement) : Est-Mono, Kpendjal-Ouest, Akebou, Oti-Sud, Dankpen.","Communes de type C : Est-Mono 2, Tchamba 2, Haho 2, Anie 2, Tone 3, Agoe-Nyive 4, Kpendjal-Ouest 2. Communes de plus de 40 000 hab. à établissement unique : Est-Mono 2, Anie 2, Tchamba 2, Tone 3, Kpendjal-Ouest 1, Amou 3, Oti-Sud 2. Préfectures à ratio > 2× le niveau national : Est-Mono, Kpendjal-Ouest, Akebou, Oti-Sud, Dankpen, Mo, Wawa, Tone, Bas-Mono.","Densifier le réseau formel existant, en priorité dans les communes peuplées à établissement unique (élargissement de l'offre, second point, guichets déportés), avec la moyenne nationale comme repère relatif.","K4.1 (habitants par établissement, suivi par commune) ; K4.6 (préfectures à desserte faible) ; K4.14 (élasticité).","Capacité et offre de l'établissement unique inconnues : un établissement peut être très grand. Le repère national est relatif (tiré par le Grand Lomé), non normatif.",Moyen terme,"Banques, IMF, assurances, autorité de supervision financière"
R-F4,Inclusion financière,Justifiée par les données,La région des Savanes a le ratio le plus élevé d'habitants par établissement (18 746 contre 7 319 au Grand Lomé) et les points formels y sont les plus chargés : 45 agents rattachés en moyenne contre 22 au Grand Lomé.,"Savanes ; pôles à consolider : Tone 1, Kpendjal-Ouest 2, Cinkasse 2.","Consolider en priorité les pôles existants (renfort de personnel et de services, guichets déportés) avant de créer de nouveaux points, puisque ces pôles portent l'accès de communes voisines.","K4.1 (habitants par établissement, Savanes) ; charge de rattachement (agents par point formel) ; K3.7.","Rattachement au plus proche point à vol d'oiseau, sans route ; charge = proxy, pas fréquentation.",Court à moyen terme,"Banques et IMF présentes dans les Savanes, collectivités"
R-F5,Inclusion financière,Piste — étude complémentaire requise,"Plateaux et Maritime intérieur ont la plus faible densité d'agents Mobile Money (18,8 et 18,3 pour 10 000 hab. contre 24,4 au niveau national) ; le Maritime intérieur n'a aucune commune MM-only mais un réseau MM représenté à ×0,75 de sa population.",Régions des Plateaux et du Maritime intérieur (niveau régional ; le ciblage communal relève de la priorisation).,"Vérifier d'abord la complétude de la collecte des agents dans ces régions, puis, si le déficit est confirmé, densifier le réseau d'agents (recrutement, liquidité) là où l'usage le justifie.",K4.4 (points pour 10 000 hab.) ; densité d'agents par région.,"La densité peut refléter un défaut de collecte, ou la concurrence d'autres modes de paiement : hypothèse à vérifier.",Court terme (vérification),"Opérateurs Mobile Money, INSEED, ministère du numérique"
R-F6,Inclusion financière,Justifiée par les données,"5 des 17 pôles de rattachement des communes MM-only n'ont que 1 ou 2 établissements (Bassar 2, Akebou 1, Oti-Sud 2, Kpendjal-Ouest 2, Kpendjal-Ouest 1) et servent 277 655 des 759 599 habitants des communes MM-only.","Pôles fragiles : Bassar 2, Akebou 1, Oti-Sud 2, Kpendjal-Ouest 2, Kpendjal-Ouest 1, et les communes qui en dépendent.","Renforcer ces pôles (second établissement, guichet renforcé) avant ou avec l'extension vers les communes qu'ils desservent, pour éviter de rattacher des communes à un point unique.",Établissements par pôle de rattachement ; K4.7.,Pôle = point formel le plus proche à vol d'oiseau ; les habitudes réelles de déplacement peuvent différer.,Moyen terme,"Banques et IMF, collectivités"
R-D1,Gouvernance des données,Amélioration continue du dispositif de suivi,"Enrichir les fichiers de collecte permettrait de dater les mises à jour, de mesurer l'activité des agents, de calculer des densités par km² et de prolonger le suivi du marché télécom au-delà de 2019, débloquant ainsi 4 indicateurs supplémentaires (K2.16, K2.17, K2.18, K4.15).",Tous territoires ; priorité aux communes P1/P2 pour la mise à jour.,"Dater et actualiser chaque année les collectes ; exporter les champs déjà prévus au dictionnaire (année d'installation des agents, statut) ; ajouter les superficies administratives, le volume de transactions des agents, la couverture 3G/4G par commune, les données télécom après 2019 (CA et investissement par opérateur, 4G Moov, 5G) ; corriger l'échelle de l'ARPU ; documenter la rupture méthodologique de la série d'usage.",Nombre de KPI calculables sur 53 (aujourd'hui : 49) ; ancienneté maximale des sources.,Dépend de la disponibilité des producteurs de données.,Court terme,"INSEED, régulateur télécom, autorité de supervision financière, opérateurs"
