commune,cle_commune,prefecture,prefecture_norm,region_a,population,n_formel,n_mm,n_banque,n_mf,n_assurance,n_mutuelle,n_mm_deux_op,n_mm_togocom,n_mm_moov,n_mm_nsp,n_points,hab_par_formel,hab_par_mm,mm_par_formel,hab_par_point,formel_10k,mm_10k,pts_10k,part_pop_pct,part_formel_pct,part_mm_pct,ratio_repr_formel,ratio_repr_mm,mm_only,desert_recense,dist_med_km,dist_moy_km,pct_eloignes,lon_c,lat_c,classe_taille,agents_rattaches,agents_exterieurs,degre_moyen,n_isoles,charge_moyenne,role,pole_lbl,part_rattachee,niv_formel,niv_mm,cluster_brut,groupe,C1,C2,C3,C4,LN,IB,palier,rang_IB,besoin_points_ref,type_action,IB_base,IB_poids égaux,IB_déficit dominant,IB_population dominante,IB_sans isolement,freq_top15_mc
TONE 1,TONE 1,TONE,TONE,Savanes,211743,15,946,7,8,0,0,641,251,20,34,961,14116.2,223.82980972515855,63.06666666666667,220.33610822060353,0.7084059449426899,44.676801594385644,45.385207539328334,2.615564848512099,2.0718232044198897,4.780675156660602,0.7921131091811682,1.827779249816787,False,False,0.7287147945441967,1.5497895040491623,1.5856236786469344,0.20672532011675931,10.867573780517754,3. grande,1067.0,164.0,14.0,0.0,71.13333333333334,Pôle formel,,,2. Faible,dense,3,G2,0.4347826086956522,0.9652173913043478,0.0,0.2608695652173913,0.9391304347826087,44.565217391304344,P3,50,4,,44.565217391304344,41.52173913043478,38.826086956521735,60.86956521739131,46.34782608695652,0.0805
TONE 2,TONE 2,TONE,TONE,Savanes,50179,0,76,0,0,0,0,47,13,14,2,76,,660.25,,660.25,0.0,15.145778114350625,15.145778114350625,0.6198383348374615,0.0,0.38407115423488986,0.0,0.619631172595357,True,False,9.034283934621511,8.952483092374155,40.78947368421053,0.10801110870637624,10.926528707608531,2. moyenne,0.0,0.0,,,,Dépendante (MM-only),Tone 1,0.618421052631579,0. Aucun (MM-only),moyen,2,G4,1.0,0.4782608695652174,1.0,0.808695652173913,0.41739130434782606,83.13043478260869,P2,7,5,A. Extension depuis le pôle voisin,83.13043478260869,82.17391304347825,90.26086956521739,71.04347826086956,84.34782608695653,0.791
TONE 3,TONE 3,TONE,TONE,Savanes,60276,1,83,0,1,0,0,52,16,14,1,84,60276.0,726.2168674698795,83.0,717.5714285714286,0.16590351051828256,13.769991373017453,13.935894883535736,0.744561977533686,0.13812154696132597,0.41944612896705075,0.1855071184521734,0.5633461573695171,False,False,6.732958771283118,6.298111630983708,13.253012048192772,0.05884846384699728,10.827315295451662,3. grande,94.0,31.0,0.0,1.0,94.0,Relais formel,,,1. Très faible,moyen,2,G4,0.782608695652174,0.6260869565217392,0.0,0.782608695652174,0.3391304347826087,58.69565217391305,P2,27,5,C. Densification du réseau formel existant,58.69565217391305,54.78260869565218,56.34782608695652,58.69565217391305,50.08695652173913,0.0335
TONE 4,TONE 4,TONE,TONE,Savanes,66577,0,175,0,0,0,0,85,18,30,42,175,,380.44,,380.44,0.0,26.28535380086216,26.28535380086216,0.8223953609771752,0.0,0.8843743683040226,0.0,1.0753640040639376,True,False,12.024651728531252,11.272374911899046,76.57142857142857,0.3143309017112474,10.932596946968795,3. grande,0.0,0.0,,,,Dépendante (MM-only),Tone 1,0.5542857142857143,0. Aucun (MM-only),dense,2,G4,1.0,0.6782608695652174,1.0,0.8695652173913043,0.7217391304347827,89.34782608695652,P1,2,6,A. Extension depuis le pôle voisin,89.34782608695652,88.69565217391305,93.8695652173913,81.95652173913044,90.34782608695653,0.9885
CINKASSE 1,CINKASSE 1,CINKASSE,CINKASSE,Savanes,75992,16,467,10,6,0,0,202,254,1,10,483,4749.5,162.7237687366167,29.1875,157.33333333333334,2.1054847878724074,61.4538372460259,63.559322033898304,0.9386945682649789,2.2099447513812156,2.3600161714170205,2.354274570338605,2.514147041224622,False,False,0.2900489218982752,0.6684407990708295,0.4282655246252677,0.019067611069507225,11.101341548436327,3. grande,469.0,2.0,15.0,0.0,29.3125,Pôle formel,,,4. Élevé,dense,0,G1,0.034782608695652195,0.7391304347826086,0.0,0.017391304347826087,0.9739130434782609,20.043478260869563,P4,103,0,,20.043478260869563,19.782608695652172,12.999999999999998,37.91304347826087,23.565217391304348,0.0
CINKASSE 2,CINKASSE 2,CINKASSE,CINKASSE,Savanes,52967,2,76,0,2,0,0,53,17,6,0,78,26483.5,696.9342105263158,38.0,679.0641025641025,0.3775935960126116,14.348556648479242,14.726150244491853,0.6542772291463724,0.27624309392265195,0.38407115423488986,0.4222110775321693,0.5870159270803033,False,False,2.3392054715466575,3.5490138396001796,0.0,0.1262339631957338,11.035352261281787,2. moyenne,121.0,47.0,1.0,0.0,60.5,Relais formel,,,1. Très faible,moyen,1,G3,0.6608695652173913,0.5130434782608696,0.0,0.5826086956521739,0.3826086956521739,47.60869565217391,P3,42,3,,47.60869565217391,43.91304347826087,46.565217391304344,47.608695652173914,41.82608695652174,0.0
KPENDJAL-OUEST 1,KPENDJAL OUEST 1,KPENDJAL-OUEST,KPENDJAL OUEST,Savanes,56459,1,73,0,1,0,0,43,13,16,1,74,56459.0,773.4109589041096,73.0,762.9594594594595,0.17711967976761897,12.929736623036186,13.106856302803804,0.6974123148446211,0.13812154696132597,0.36891045077824947,0.1980486206242265,0.528970370791976,False,False,3.610163398801874,5.060670914133537,9.58904109589041,0.40053868132341947,10.736547182735281,2. moyenne,117.0,44.0,0.0,1.0,117.0,Relais formel,,,1. Très faible,moyen,1,G3,0.7739130434782608,0.6,0.0,0.6956521739130435,0.3130434782608696,55.99999999999999,P3,30,5,,55.99999999999999,51.73913043478261,54.65217391304348,55.913043478260875,48.95652173913044,0.0
KPENDJAL-OUEST 2,KPENDJAL OUEST 2,KPENDJAL-OUEST,KPENDJAL OUEST,Savanes,66871,2,56,0,2,0,0,33,16,7,0,58,33435.5,1194.125,28.0,1152.948275862069,0.29908330965590463,8.37433267036533,8.673415980021234,0.8260270090857906,0.27624309392265195,0.28299979785728724,0.3344238031978946,0.34260356470728315,False,False,3.846400562112247,4.260150878579886,10.714285714285714,0.44455075168167124,10.947762674302755,3. grande,160.0,104.0,1.0,0.0,80.0,Relais formel,,,1. Très faible,ténu,1,G3,0.7130434782608696,0.6869565217391305,0.0,0.7043478260869566,0.1826086956521739,56.21739130434783,P2,29,4,C. Densification du réseau formel existant,56.21739130434783,52.60869565217391,53.0,59.173913043478265,49.130434782608695,0.004
KPENDJAL 1,KPENDJAL 1,KPENDJAL,KPENDJAL,Savanes,47903,0,36,0,0,0,0,20,10,5,1,36,,1330.638888888889,,1330.638888888889,0.0,7.5151869402751394,7.5151869402751394,0.5917239433571597,0.0,0.18192844147968465,0.0,0.30745492644341776,True,False,37.73025089555161,32.80113370103621,100.0,0.7285515101990888,10.9023322991957,2. moyenne,0.0,0.0,,,,Dépendante (MM-only),Kpendjal-Ouest 2,0.9722222222222222,0. Aucun (MM-only),ténu,2,G4,1.0,0.46956521739130436,1.0,1.0,0.11304347826086956,86.73913043478261,P2,5,5,B. Nouveau point relais (isolement > 15 km),86.73913043478261,86.73913043478261,92.04347826086956,73.47826086956523,84.08695652173914,0.949
KPENDJAL 2,KPENDJAL 2,KPENDJAL,KPENDJAL,Savanes,40462,0,5,0,0,0,0,2,2,0,1,5,,8092.4,,8092.4,0.0,1.2357273491176908,1.2357273491176908,0.4998086590843454,0.0,0.025267839094400647,0.0,0.05055502467822704,True,False,27.186478320547614,24.820289642194677,100.0,0.6104047095841546,10.744509464133733,2. moyenne,0.0,0.0,,,,Dépendante (MM-only),Kpendjal-Ouest 1,1.0,0. Aucun (MM-only),ténu,2,G4,1.0,0.3217391304347826,1.0,0.9739130434782609,0.0,82.52173913043478,P2,8,4,B. Nouveau point relais (isolement > 15 km),82.52173913043478,82.3913043478261,89.56521739130434,65.69565217391305,79.65217391304348,0.887
OTI-SUD 1,OTI SUD 1,OTI-SUD,OTI SUD,Savanes,106052,4,120,1,3,0,0,78,18,14,10,124,26513.0,883.7666666666667,30.0,855.258064516129,0.3771734620752084,11.315203862256253,11.69237732433146,1.310012058554026,0.5524861878453039,0.6064281382656155,0.4217412994313433,0.46291798178940646,False,False,0.5811580575869,5.9450270482857395,28.333333333333332,0.7063996620450215,10.32295515412906,3. grande,130.0,17.0,1.5,1.0,32.5,Relais formel,,,1. Très faible,ténu,1,G3,0.6695652173913044,0.8347826086956521,0.0,0.22608695652173913,0.28695652173913044,48.826086956521735,P3,41,6,,48.826086956521735,43.26086956521739,48.26086956521739,58.52173913043478,51.826086956521735,0.0175
OTI-SUD 2,OTI SUD 2,OTI-SUD,OTI SUD,Savanes,44324,1,39,0,1,0,0,11,17,5,6,40,44324.0,1136.5128205128206,39.0,1108.1,0.22561140691273351,8.798844869596607,9.02445627650934,0.5475141862798311,0.13812154696132597,0.19708914493632504,0.25227026152475424,0.35997084619026476,False,False,13.654809823273876,10.453301577987244,61.53846153846154,0.5641105247554701,10.072002360301584,2. moyenne,69.0,47.0,0.0,1.0,69.0,Périphérie à point formel isolé,,,1. Très faible,ténu,2,G4,0.7565217391304347,0.3826086956521739,0.0,0.8956521739130435,0.20869565217391303,53.95652173913044,P3,32,3,,53.95652173913044,50.86956521739131,52.52173913043479,47.69565217391305,41.73913043478261,0.005
OTI 1,OTI 1,OTI,OTI,Savanes,54479,7,208,4,3,0,0,123,69,3,13,215,7782.714285714285,261.9182692307692,29.714285714285715,253.39069767441862,1.284898768332752,38.1798491161732,39.464747884505954,0.6729542765621089,0.9668508287292817,1.051142106327067,1.4367258852541793,1.5619814643232361,False,False,0.5334510815196253,1.0643764924555772,1.4423076923076923,0.4732676625606012,10.349052787039934,2. moyenne,226.0,19.0,6.0,0.0,32.285714285714285,Relais formel,,,3. Correct,dense,0,G1,0.18260869565217386,0.5739130434782609,0.0,0.2,0.9043478260869565,24.73913043478261,P4,96,0,,24.73913043478261,23.91304347826087,19.739130434782606,35.34782608695652,24.52173913043478,0.0
OTI 2,OTI 2,OTI,OTI,Savanes,70369,4,160,1,3,0,0,84,32,35,9,164,17592.25,439.80625,40.0,429.0792682926829,0.5684321220992198,22.737284883968794,23.30571700606801,0.869236210051562,0.5524861878453039,0.8085708510208207,0.635599600495855,0.930208430885383,False,False,1.4490204075941675,5.072188801867986,26.875,0.3436570938941218,10.575810168863793,3. grande,136.0,1.0,3.0,0.0,34.0,Relais formel,,,2. Faible,moyen,1,G3,0.5130434782608695,0.7043478260869566,0.0,0.5217391304347826,0.6260869565217392,46.0,P3,47,3,,46.0,43.47826086956522,41.43478260869565,53.30434782608696,41.65217391304348,0.0
TANDJOARE 1,TANDJOARE 1,TANDJOARE,TANDJOARE,Savanes,74692,4,66,1,3,0,0,49,1,13,3,70,18673.0,1131.6969696969697,16.5,1067.0285714285715,0.5355325871579285,8.836287688105822,9.37182027526375,0.9226362603017134,0.5524861878453039,0.3335354760460885,0.5988125674408614,0.3615026748862204,False,False,4.5464254094325645,4.460816657631832,1.5151515151515151,0.19583637720879699,10.648661080601245,3. grande,73.0,17.0,1.5,1.0,18.25,Relais formel,,,2. Faible,ténu,1,G3,0.5652173913043479,0.7217391304347827,0.0,0.7217391304347827,0.21739130434782608,52.26086956521739,P3,35,3,,52.26086956521739,50.217391304347835,46.30434782608696,58.217391304347835,44.2608695652174,0.014
TANDJOARE 2,TANDJOARE 2,TANDJOARE,TANDJOARE,Savanes,64175,4,93,0,4,0,0,66,10,17,0,97,16043.75,690.0537634408602,23.25,661.5979381443299,0.6232956758862486,14.49162446435528,15.114920140241527,0.7927245488788954,0.5524861878453039,0.469981807155852,0.6969459803240019,0.592868995694053,False,False,4.589771275153754,3.5758660605592074,0.0,0.08558070731001308,10.716594137761964,3. grande,72.0,8.0,3.0,0.0,18.0,Relais formel,,,2. Faible,moyen,1,G3,0.4782608695652174,0.6347826086956522,0.0,0.7391304347826086,0.391304347826087,47.391304347826086,P3,44,2,,47.391304347826086,46.30434782608695,40.82608695652174,52.391304347826086,38.173913043478265,0.0
KOZAH 1,KOZAH 1,KOZAH,KOZAH,Kara,193625,26,1366,13,6,7,0,777,538,5,46,1392,7447.115384615385,141.7459736456808,52.53846153846154,139.09841954022988,1.3428018076178179,70.54874112330536,71.89154293092318,2.3917614456825262,3.591160220994475,6.903173640590257,1.5014709044152528,2.886230001345443,False,False,1.3853596261956942,1.706725345721431,0.0,1.1998482426565915,9.556624251189481,3. grande,1383.0,87.0,25.0,0.0,53.19230769230769,Pôle formel,,,3. Correct,dense,3,G2,0.13043478260869568,0.9565217391304348,0.0,0.4956521739130435,0.991304347826087,38.391304347826086,P4,62,0,,38.391304347826086,39.565217391304344,25.826086956521742,57.869565217391305,33.913043478260875,0.0745
KOZAH 2,KOZAH 2,KOZAH,KOZAH,Kara,45704,4,127,3,1,0,0,71,48,1,7,131,11426.0,359.87401574803147,31.75,348.8854961832061,0.8751969193068441,27.7875021879923,28.662699107299144,0.5645606978100668,0.5524861878453039,0.6418031129977765,0.9786125566097676,1.1368186193040595,False,False,3.187860923655235,3.939906642074601,7.086614173228346,1.1539042576693028,9.65029056983911,2. moyenne,118.0,21.0,3.0,0.0,29.5,Relais formel,,,2. Faible,dense,0,G1,0.34782608695652173,0.41739130434782606,0.0,0.6695652173913044,0.7565217391304347,36.0,P4,72,1,,36.0,35.86956521739131,30.34782608695652,37.869565217391305,26.43478260869565,0.0
KOZAH 3,KOZAH 3,KOZAH,KOZAH,Kara,23755,0,34,0,0,0,0,8,24,0,2,34,,698.6764705882352,,698.6764705882352,0.0,14.312776257629972,14.312776257629972,0.29343469666720934,0.0,0.1718213058419244,0.0,0.5855521102086665,True,False,9.337207350955847,9.410204840287157,38.23529411764706,1.230866299128247,9.481846650458445,1. petite,0.0,0.0,,,,Dépendante (MM-only),Kozah 1,0.8823529411764706,0. Aucun (MM-only),moyen,2,G4,1.0,0.10434782608695652,1.0,0.8260869565217391,0.3739130434782609,74.1304347826087,P2,18,3,A. Extension depuis le pôle voisin,74.1304347826087,73.2608695652174,84.82608695652173,52.60869565217391,73.1304347826087,0.14
KOZAH 4,KOZAH 4,KOZAH,KOZAH,Kara,20654,0,35,0,0,0,0,16,18,1,0,35,,590.1142857142858,,590.1142857142858,0.0,16.945870049385107,16.945870049385107,0.25512945590252756,0.0,0.17687487366080454,0.0,0.69327500047027,True,False,11.494699876976957,12.616613855334899,54.285714285714285,1.0988946306803424,9.479569348112252,1. petite,0.0,0.0,,,,Dépendante (MM-only),Kozah 1,0.8857142857142857,0. Aucun (MM-only),moyen,2,G4,1.0,0.08695652173913043,1.0,0.8434782608695652,0.5043478260869565,74.04347826086955,P1,19,2,A. Extension depuis le pôle voisin,74.04347826086955,73.26086956521739,84.73913043478262,52.0,72.60869565217392,0.0
ASSOLI 1,ASSOLI 1,ASSOLI,ASSOLI,Kara,40417,7,169,2,5,0,0,66,89,3,11,176,5773.857142857143,239.15384615384616,24.142857142857142,229.64204545454547,1.7319444788084222,41.814088131231905,43.54603261004033,0.49925279457792465,0.9668508287292817,0.8540529613907418,1.9365957271138985,1.7106623551557087,False,False,0.336585064642324,1.7505043308274209,5.325443786982249,1.2375683512916353,9.355321981859708,2. moyenne,265.0,96.0,6.0,0.0,37.857142857142854,Relais formel,,,3. Correct,dense,0,G1,0.06956521739130439,0.3130434782608696,0.0,0.09565217391304348,0.9217391304347826,12.173913043478263,P4,115,0,,12.173913043478263,11.956521739130437,9.130434782608699,18.478260869565222,12.173913043478263,0.0
ASSOLI 2,ASSOLI 2,ASSOLI,ASSOLI,Kara,9933,0,31,0,0,0,0,15,14,0,2,31,,320.4193548387097,,320.4193548387097,0.0,31.209100976542835,31.209100976542835,0.12269782538393562,0.0,0.156660602385284,0.0,1.276800154322825,True,False,6.401348421243338,7.1714028920061414,19.35483870967742,1.230838267509523,9.287984008530342,1. petite,0.0,0.0,,,,Dépendante (MM-only),Assoli 1,1.0,0. Aucun (MM-only),dense,2,G4,1.0,0.0,1.0,0.7739130434782608,0.7913043478260869,70.47826086956522,P1,22,1,A. Extension depuis le pôle voisin,70.47826086956522,69.34782608695652,82.73913043478261,46.60869565217391,70.0,0.0
ASSOLI 3,ASSOLI 3,ASSOLI,ASSOLI,Kara,16044,0,28,0,0,0,0,8,15,0,5,28,,573.0,,573.0,0.0,17.452006980802793,17.452006980802793,0.19818422535587063,0.0,0.14149989892864362,0.0,0.713981643466116,True,False,11.562275575725625,11.064140762319493,67.85714285714286,1.3432113168677007,9.369080804516798,1. petite,0.0,0.0,,,,Dépendante (MM-only),Assoli 1,1.0,0. Aucun (MM-only),moyen,2,G4,1.0,0.02608695652173913,1.0,0.8521739130434782,0.5217391304347826,72.69565217391303,P1,21,2,A. Extension depuis le pôle voisin,72.69565217391303,71.95652173913044,83.91304347826086,49.08695652173913,70.78260869565219,0.052
BASSAR 1,BASSAR 1,BASSAR,BASSAR,Kara,65059,9,273,4,4,1,0,77,59,1,136,282,7228.777777777777,238.3113553113553,30.333333333333332,230.70567375886526,1.3833597196390968,41.96191149571927,43.345271215358366,0.803644198293916,1.2430939226519337,1.3796240145542753,1.5468212491186284,1.716709978723329,False,False,0.37169700790111904,2.4034134768609174,9.157509157509157,0.7778731402020606,9.254189538256709,3. grande,281.0,10.0,8.0,0.0,31.22222222222222,Relais formel,,,3. Correct,dense,0,G1,0.11304347826086958,0.6695652173913044,0.0,0.11304347826086956,0.9304347826086956,22.956521739130437,P4,97,0,,22.956521739130437,22.39130434782609,16.826086956521742,37.434782608695656,24.60869565217391,0.0
BASSAR 2,BASSAR 2,BASSAR,BASSAR,Kara,36476,2,54,1,1,0,0,21,10,1,22,56,18238.0,675.4814814814815,27.0,651.3571428571429,0.548305735277991,14.804254852505757,15.352560587783747,0.45057141636005593,0.27624309392265195,0.27289266221952696,0.6130950253220312,0.6056590638263121,False,False,2.7679737916134477,6.697179567637614,25.925925925925924,0.6193263269268413,9.371650788845445,1. petite,68.0,24.0,1.0,0.0,34.0,Relais formel,,,2. Faible,moyen,1,G3,0.5391304347826087,0.2608695652173913,0.0,0.6173913043478261,0.40869565217391307,37.73913043478261,P4,65,2,,37.73913043478261,35.434782608695656,37.04347826086957,33.08695652173913,29.391304347826086,0.0
BASSAR 3,BASSAR 3,BASSAR,BASSAR,Kara,33873,3,80,1,2,0,0,31,39,0,10,83,11291.0,423.4125,26.666666666666668,408.10843373493975,0.8856611460455229,23.617630561213947,24.503291707259468,0.4184177427997635,0.4143646408839779,0.40428542551041036,0.9903132647084585,0.9662243833285142,False,False,0.43685580878966457,2.934887196293874,15.0,0.8015785787759846,9.47164596060703,1. petite,113.0,35.0,2.0,0.0,37.666666666666664,Relais formel,,,2. Faible,moyen,0,G1,0.33913043478260874,0.23478260869565218,0.0,0.17391304347826086,0.6608695652173913,21.217391304347828,P4,101,1,,21.217391304347828,18.695652173913043,22.217391304347828,21.130434782608695,20.608695652173914,0.0
BASSAR 4,BASSAR 4,BASSAR,BASSAR,Kara,16657,0,29,0,0,0,0,15,6,0,8,29,,574.3793103448276,,574.3793103448276,0.0,17.41009785675692,17.41009785675692,0.20575633518777967,0.0,0.14655346674752376,0.0,0.712267093082575,True,False,10.321470656060393,11.325966927979469,62.06896551724138,0.915994918824959,9.485739452128975,1. petite,0.0,0.0,,,,Dépendante (MM-only),Bassar 3,1.0,0. Aucun (MM-only),moyen,2,G4,1.0,0.043478260869565216,1.0,0.8347826086956521,0.5130434782608696,72.78260869565217,P1,20,2,A. Extension depuis le pôle voisin,72.78260869565217,71.95652173913044,84.0,49.69565217391304,71.30434782608695,0.0
DANKPEN 1,DANKPEN 1,DANKPEN,DANKPEN,Kara,76294,7,122,3,4,0,0,64,34,5,19,129,10899.142857142857,625.360655737705,17.428571428571427,591.4263565891473,0.9175033423336042,15.990772537814244,16.908275880147848,0.9424250367302913,0.9668508287292817,0.6165352739033758,1.0259180211125702,0.6542008646570151,False,False,0.8439477901648773,3.8746991487347393,19.672131147540984,0.586199998724551,9.733980743353692,3. grande,131.0,27.0,6.0,0.0,18.714285714285715,Relais formel,,,3. Correct,moyen,1,G3,0.30434782608695654,0.7478260869565218,0.0,0.3391304347826087,0.4434782608695652,36.1304347826087,P4,70,0,,36.1304347826087,34.78260869565218,29.826086956521735,48.565217391304344,34.608695652173914,0.0
DANKPEN 2,DANKPEN 2,DANKPEN,DANKPEN,Kara,32716,0,31,0,0,0,0,11,16,1,3,31,,1055.3548387096773,,1055.3548387096773,0.0,9.475486000733586,9.475486000733586,0.4041258487124572,0.0,0.156660602385284,0.0,0.3876530117645378,True,False,14.296454712711059,14.158806487887135,93.54838709677419,0.7792833600301087,9.7034118055581,1. petite,0.0,0.0,,,,Dépendante (MM-only),Doufelgou 3,0.5483870967741935,0. Aucun (MM-only),ténu,2,G4,1.0,0.22608695652173913,1.0,0.9130434782608695,0.23478260869565218,78.91304347826086,P2,11,3,A. Extension depuis le pôle voisin,78.91304347826086,78.47826086956522,87.52173913043478,60.0,76.78260869565217,0.8385
DANKPEN 3,DANKPEN 3,DANKPEN,DANKPEN,Kara,76652,0,37,0,0,0,0,14,9,2,12,37,,2071.675675675676,,2071.675675675676,0.0,4.827010384595314,4.827010384595314,0.946847247692483,0.0,0.1869820092985648,0.0,0.19747853706524454,True,False,12.701571987643417,15.229140066524927,89.1891891891892,0.5470753102616305,9.589546507278461,3. grande,0.0,0.0,,,,Dépendante (MM-only),Bassar 2,0.5675675675675675,0. Aucun (MM-only),ténu,2,G4,1.0,0.7565217391304347,1.0,0.8869565217391304,0.05217391304347826,91.65217391304348,P2,1,7,A. Extension depuis le pôle voisin,91.65217391304348,91.08695652173913,95.21739130434783,86.1304347826087,92.69565217391305,0.9965
KERAN 1,KERAN 1,KERAN,KERAN,Kara,44399,7,91,4,3,0,0,38,24,1,28,98,6342.714285714285,487.9010989010989,13.0,453.05102040816325,1.5766120858577897,20.495957116151263,22.072569202009053,0.5484406271238657,0.9668508287292817,0.45987467151809175,1.762908838099111,0.838513138477301,False,False,0.3357205834281595,2.9983420974610064,9.89010989010989,1.0310340146126813,9.976615524355111,2. moyenne,101.0,17.0,6.0,0.0,14.428571428571429,Relais formel,,,3. Correct,moyen,0,G1,0.09565217391304348,0.391304347826087,0.0,0.08695652173913043,0.5826086956521739,14.869565217391306,P4,109,0,,14.869565217391306,14.347826086956522,11.521739130434783,22.782608695652176,15.565217391304348,0.0
KERAN 2,KERAN 2,KERAN,KERAN,Kara,53305,0,38,0,0,0,0,17,16,1,4,38,,1402.7631578947369,,1402.7631578947369,0.0,7.128787168183098,7.128787168183098,0.6584523892168215,0.0,0.19203557711744493,0.0,0.29164686811427093,True,False,18.970085597283802,19.048097777127673,100.0,0.7867775779581498,9.99040818079484,2. moyenne,0.0,0.0,,,,Dépendante (MM-only),Oti-Sud 2,0.7631578947368421,0. Aucun (MM-only),ténu,2,G4,1.0,0.5478260869565217,1.0,0.9565217391304348,0.09565217391304348,87.82608695652175,P2,3,5,B. Nouveau point relais (isolement > 15 km),87.82608695652175,87.6086956521739,92.78260869565217,76.7391304347826,86.43478260869566,0.965
KERAN 3,KERAN 3,KERAN,KERAN,Kara,30983,0,10,0,0,0,0,7,2,1,0,10,,3098.3,,3098.3,0.0,3.2275764128715747,3.2275764128715747,0.3827188889429656,0.0,0.050535678188801295,0.0,0.13204385685894993,True,False,19.95965283907819,19.82306241304953,100.0,1.0863092521310007,10.132920072628702,1. petite,0.0,0.0,,,,Dépendante (MM-only),Keran 1,1.0,0. Aucun (MM-only),ténu,2,G4,1.0,0.21739130434782608,1.0,0.9652173913043478,0.043478260869565216,79.73913043478261,P2,9,3,B. Nouveau point relais (isolement > 15 km),79.73913043478261,79.56521739130436,87.91304347826087,60.34782608695652,76.52173913043478,0.849
DOUFELGOU 1,DOUFELGOU 1,DOUFELGOU,DOUFELGOU,Kara,44783,6,114,2,4,0,0,73,24,1,16,120,7463.833333333333,392.8333333333333,19.0,373.19166666666666,1.3397941183038207,25.45608824777259,26.795882366076412,0.5531840042453225,0.8287292817679558,0.5761067313523347,1.4981078183895502,1.0414377981487088,False,False,0.8685456458514419,1.2839189467576921,0.0,1.1302090119651373,9.778432588562863,2. moyenne,123.0,9.0,3.3333333333333335,1.0,20.5,Relais formel,,,3. Correct,dense,0,G1,0.13913043478260867,0.4,0.0,0.3652173913043478,0.6956521739130435,22.17391304347826,P4,98,0,,22.17391304347826,22.608695652173914,16.60869565217391,28.26086956521739,17.565217391304348,0.0
DOUFELGOU 2,DOUFELGOU 2,DOUFELGOU,DOUFELGOU,Kara,11722,1,30,0,1,0,0,11,11,0,8,31,11722.0,390.73333333333335,30.0,378.1290322580645,0.8530967411704488,25.592902235113463,26.44599897628391,0.14479652765030637,0.13812154696132597,0.15160703456640387,0.9539009615955644,1.047035015456623,False,False,0.6466330720177609,1.1364682915997824,0.0,1.0942872974796907,9.870443757159531,1. petite,33.0,3.0,0.0,1.0,33.0,Relais formel,,,2. Faible,dense,0,G1,0.35652173913043483,0.017391304347826087,0.0,0.24347826086956523,0.7043478260869566,17.782608695652176,P4,106,1,,17.782608695652176,15.434782608695654,20.521739130434785,11.65217391304348,14.782608695652177,0.0
DOUFELGOU 3,DOUFELGOU 3,DOUFELGOU,DOUFELGOU,Kara,28262,3,40,0,3,0,0,20,16,2,2,43,9420.666666666666,706.55,13.333333333333334,657.2558139534884,1.0614960016983936,14.153280022645248,15.214776024343642,0.34910761512139216,0.4143646408839779,0.20214271275520518,1.1869252429222847,0.5790269361065523,False,False,5.163303567768809,4.952811884595351,10.0,0.938653117051723,9.761888302505788,1. petite,59.0,22.0,2.0,0.0,19.666666666666668,Relais formel,,,3. Correct,moyen,1,G3,0.25217391304347825,0.16521739130434782,0.0,0.7565217391304347,0.3565217391304348,28.086956521739133,P4,91,0,,28.086956521739133,29.34782608695652,22.65217391304348,24.652173913043477,15.043478260869565,0.0
BINAH 1,BINAH 1,BINAH,BINAH,Kara,44039,2,92,1,1,0,0,58,31,1,2,94,22019.5,478.6847826086956,46.0,468.5,0.45414291877653895,20.890574263720794,21.34471718249733,0.5439937110724998,0.27624309392265195,0.4649282393369719,0.5078056755068555,0.8546573790721809,False,False,4.701557983380258,5.460475708229043,19.565217391304348,1.3152588172325255,9.777383325051478,2. moyenne,78.0,0.0,1.0,0.0,39.0,Relais formel,,,2. Faible,moyen,1,G3,0.6173913043478261,0.3652173913043478,0.0,0.7478260869565218,0.591304347826087,45.69565217391304,P3,48,2,,45.69565217391304,43.26086956521739,43.826086956521735,41.826086956521735,35.65217391304348,0.0
BINAH 2,BINAH 2,BINAH,BINAH,Kara,40160,7,120,3,4,0,0,69,44,1,6,127,5737.142857142857,334.6666666666667,17.142857142857142,316.2204724409449,1.7430278884462151,29.8804780876494,31.62350597609562,0.49607819061903297,0.9668508287292817,0.6064281382656155,1.9489887824393035,1.2224446664524435,False,False,0.2742501364102973,1.8262698477539372,9.166666666666666,1.3150841431065297,9.64970861202207,1. petite,174.0,54.0,6.0,0.0,24.857142857142858,Relais formel,,,3. Correct,dense,0,G1,0.060869565217391286,0.2956521739130435,0.0,0.0,0.7739130434782608,9.521739130434783,P4,116,0,,9.521739130434783,8.91304347826087,7.478260869565218,16.0,11.304347826086957,0.0
TCHAOUDJO 1,TCHAOUDJO 1,TCHAOUDJO,TCHAOUDJO,Centrale,177706,20,1268,11,9,0,0,616,609,5,38,1288,8885.3,140.14668769716087,63.4,137.97049689440993,1.1254544022148942,71.3538091004243,72.47926350263918,2.1951212884000464,2.7624309392265194,6.407923994340004,1.2584411411908665,2.9191662566447683,False,False,0.9816135414799589,1.9191374756923756,3.1545741324921135,1.147821629325653,8.983562765025086,3. grande,1335.0,89.0,19.0,0.0,66.75,Pôle formel,,,3. Correct,dense,3,G2,0.20869565217391306,0.9391304347826087,0.0,0.4,1.0,38.78260869565218,P4,60,0,,38.78260869565218,38.69565217391304,28.52173913043478,57.13043478260871,36.52173913043478,0.047
TCHAOUDJO 2,TCHAOUDJO 2,TCHAOUDJO,TCHAOUDJO,Centrale,24891,0,45,0,0,0,0,34,3,0,8,45,,553.1333333333333,,553.1333333333333,0.0,18.07882367120646,18.07882367120646,0.307467187318186,0.0,0.22741055184960582,0.0,0.7396254339630308,True,False,15.866700164643525,14.45682703702849,95.55555555555556,1.0792142311449526,8.85347750774746,1. petite,0.0,0.0,,,,Dépendante (MM-only),Tchaoudjo 1,1.0,0. Aucun (MM-only),moyen,2,G4,1.0,0.12173913043478261,1.0,0.9217391304347826,0.5391304347826087,76.47826086956522,P1,12,3,B. Nouveau point relais (isolement > 15 km),76.47826086956522,76.08695652173914,86.04347826086956,54.91304347826087,73.65217391304348,0.7855
TCHAOUDJO 3,TCHAOUDJO 3,TCHAOUDJO,TCHAOUDJO,Centrale,17484,0,65,0,0,0,0,24,38,1,2,65,,268.9846153846154,,268.9846153846154,0.0,37.1768474033402,37.1768474033402,0.21597188956133398,0.0,0.3284819082272084,0.0,1.5209475126341507,True,False,16.71355188035369,14.780886671092516,86.15384615384616,1.1767469615269235,9.17255883345906,1. petite,0.0,0.0,,,,Dépendante (MM-only),Tchaoudjo 1,0.5230769230769231,0. Aucun (MM-only),dense,2,G4,1.0,0.05217391304347826,1.0,0.9304347826086956,0.8956521739130435,74.91304347826086,P1,15,2,B. Nouveau point relais (isolement > 15 km),74.91304347826086,74.56521739130434,85.08695652173913,51.565217391304344,71.56521739130434,0.5305
TCHAOUDJO 4,TCHAOUDJO 4,TCHAOUDJO,TCHAOUDJO,Centrale,20279,0,33,0,0,0,0,6,27,0,0,33,,614.5151515151515,,614.5151515151515,0.0,16.272991764879926,16.272991764879926,0.2504972516823548,0.0,0.16676773802304426,0.0,0.6657467772720936,True,False,13.920657096236724,13.475705824979373,93.93939393939394,1.2900055050505053,9.065831212121212,1. petite,0.0,0.0,,,,Dépendante (MM-only),Tchamba 1,0.696969696969697,0. Aucun (MM-only),moyen,2,G4,1.0,0.06956521739130435,1.0,0.9043478260869565,0.45217391304347826,74.82608695652173,P2,16,2,A. Extension depuis le pôle voisin,74.82608695652173,74.34782608695653,85.08695652173913,52.04347826086957,72.08695652173913,0.441
TCHAMBA 1,TCHAMBA 1,TCHAMBA,TCHAMBA,Centrale,82451,6,52,1,5,0,0,29,16,1,6,58,13741.833333333334,1585.5961538461538,8.666666666666666,1421.5689655172414,0.7277049399037003,6.30677614583207,7.03448108573577,1.0184796537532341,0.8287292817679558,0.26278552658176674,0.8136925256326695,0.25801745338099474,False,False,0.4254141578611933,3.890334178110451,17.307692307692307,1.4318850287356322,9.032292729885057,3. grande,113.0,62.0,5.0,0.0,18.833333333333332,Relais formel,,,2. Faible,ténu,1,G3,0.4173913043478261,0.782608695652174,0.0,0.1565217391304348,0.0782608695652174,37.30434782608696,P4,67,2,,37.30434782608696,33.913043478260875,34.17391304347826,49.82608695652174,40.173913043478265,0.0
TCHAMBA 2,TCHAMBA 2,TCHAMBA,TCHAMBA,Centrale,64930,1,85,0,1,0,0,54,22,0,9,86,64930.0,763.8823529411765,85.0,755.0,0.15401201293700909,13.091021099645772,13.245033112582782,0.8020507200421765,0.13812154696132597,0.42955326460481097,0.17221048932424465,0.5355687039121697,False,False,28.932754859162106,19.502789820608648,71.76470588235294,1.4361347452099762,8.68466403998522,3. grande,36.0,12.0,0.0,1.0,36.0,Périphérie à point formel isolé,,,1. Très faible,moyen,2,G4,0.7913043478260869,0.6608695652173913,0.0,0.9826086956521739,0.3217391304347826,63.8695652173913,P2,24,5,C. Densification du réseau formel existant,63.8695652173913,60.86956521739131,59.30434782608695,63.60869565217391,51.47826086956522,0.198
TCHAMBA 3,TCHAMBA 3,TCHAMBA,TCHAMBA,Centrale,53204,5,68,0,5,0,0,49,15,0,4,73,10640.8,782.4117647058823,13.6,728.8219178082192,0.9397789639876701,12.780993910232313,13.720772874219984,0.6572047822135216,0.6906077348066298,0.3436426116838488,1.0508257905254497,0.5228851356291584,False,False,1.21553922247068,8.261430960449662,45.588235294117645,1.5691011711277099,8.72463629366586,2. moyenne,81.0,25.0,4.0,0.0,16.2,Relais formel,,,3. Correct,moyen,1,G3,0.28695652173913044,0.5304347826086957,0.0,0.4434782608695652,0.30434782608695654,32.173913043478265,P4,82,0,,32.173913043478265,31.521739130434785,26.73913043478261,38.913043478260875,27.39130434782609,0.0
BLITTA 1,BLITTA 1,BLITTA,BLITTA,Centrale,71539,8,75,3,5,0,0,52,20,3,0,83,8942.375,953.8533333333334,9.375,861.9156626506024,1.1182711527977747,10.483792057479137,11.602063210276912,0.8836886872185009,1.1049723756906078,0.3790175864160097,1.2504090995762542,0.428903970253377,False,False,3.108765403416682,4.5551752670168195,12.0,1.027966198760112,8.273283418443127,3. grande,57.0,9.0,3.0,0.0,7.125,Relais formel,,,3. Correct,ténu,1,G3,0.21739130434782605,0.7130434782608696,0.0,0.6608695652173913,0.2608695652173913,38.65217391304348,P4,61,0,,38.65217391304348,39.78260869565217,28.17391304347826,49.91304347826087,30.08695652173913,0.0
BLITTA 2,BLITTA 2,BLITTA,BLITTA,Centrale,46515,2,9,0,2,0,0,5,2,1,1,11,23257.5,5168.333333333333,4.5,4228.636363636364,0.42996882726002367,1.9348597226701063,2.36482854993013,0.574578611470227,0.27624309392265195,0.04548211036992116,0.48077510789307554,0.0791573328034991,False,False,3.5492917317128043,7.293143787159234,44.44444444444444,1.0933155438139603,8.152713067146772,2. moyenne,51.0,46.0,1.0,0.0,25.5,Relais formel,,,1. Très faible,ténu,1,G3,0.6347826086956522,0.43478260869565216,0.0,0.6869565217391305,0.017391304347826087,46.82608695652174,P3,45,3,,46.82608695652174,43.913043478260875,45.130434782608695,44.73913043478261,38.434782608695656,0.0
BLITTA 3,BLITTA 3,BLITTA,BLITTA,Centrale,45218,0,6,0,0,0,0,3,3,0,0,6,,7536.333333333333,,7536.333333333333,0.0,1.326905214737494,1.326905214737494,0.5585573611407229,0.0,0.030321406913280776,0.0,0.05428521584847864,True,False,17.50710409213105,20.42895801570501,100.0,0.8065363402030351,8.135505281328067,2. moyenne,0.0,0.0,,,,Dépendante (MM-only),Blitta 1,1.0,0. Aucun (MM-only),ténu,2,G4,1.0,0.40869565217391307,1.0,0.9478260869565217,0.008695652173913044,84.17391304347827,P2,6,5,B. Nouveau point relais (isolement > 15 km),84.17391304347827,83.91304347826086,90.6086956521739,69.65217391304348,82.26086956521739,0.921
SOTOUBOUA 1,SOTOUBOUA 1,SOTOUBOUA,SOTOUBOUA,Centrale,46907,11,151,4,7,0,0,93,46,7,5,162,4264.272727272727,310.6423841059603,13.727272727272727,289.54938271604937,2.345065768435415,32.19135736670433,34.53642313513974,0.579420808948381,1.5193370165745856,0.7630887406508995,2.6221650881543317,1.3169853910422484,False,False,0.4226756239794939,1.3074437209924823,1.9867549668874174,0.9868120617336835,8.561148414299566,2. moyenne,146.0,0.0,10.0,0.0,13.272727272727273,Relais formel,,,4. Élevé,dense,0,G1,0.017391304347826098,0.45217391304347826,0.0,0.14782608695652175,0.808695652173913,14.869565217391303,P4,110,0,,14.869565217391303,15.434782608695652,9.130434782608695,25.173913043478258,14.26086956521739,0.0
SOTOUBOUA 2,SOTOUBOUA 2,SOTOUBOUA,SOTOUBOUA,Centrale,64187,4,107,1,3,0,0,71,31,2,3,111,16046.75,599.8785046728972,26.75,578.2612612612612,0.6231791484256937,16.670042220387305,17.293221368813,0.792872779413941,0.5524861878453039,0.5407317566201738,0.6968156836632468,0.6819905672885637,False,False,0.9723956003792935,4.422685401143748,14.018691588785046,1.0440556634317917,8.672493954143626,3. grande,109.0,2.0,3.0,0.0,27.25,Relais formel,,,2. Faible,moyen,1,G3,0.4869565217391304,0.6434782608695652,0.0,0.391304347826087,0.4782608695652174,40.95652173913043,P3,53,2,,40.95652173913043,38.04347826086956,37.91304347826087,47.782608695652165,38.78260869565217,0.0
SOTOUBOUA 3,SOTOUBOUA 3,SOTOUBOUA,SOTOUBOUA,Centrale,27770,3,97,0,3,0,0,41,29,3,24,100,9256.666666666666,286.2886597938144,32.333333333333336,277.7,1.0803024846957148,34.92978033849478,36.010082823190494,0.3430301631845255,0.4143646408839779,0.49019607843137253,1.2079539508631478,1.4290174189949656,False,False,0.27465796629733524,2.583686497307506,5.154639175257731,1.002551097286599,8.429929705992121,1. petite,100.0,3.0,2.0,0.0,33.333333333333336,Relais formel,,,3. Correct,dense,0,G1,0.24347826086956526,0.14782608695652175,0.0,0.008695652173913044,0.8608695652173913,12.391304347826088,P4,114,0,,12.391304347826088,10.000000000000002,14.47826086956522,12.39130434782609,14.173913043478265,0.0
MO 1,MO 1,MO,MO,Centrale,30522,1,25,0,1,0,0,8,11,0,6,26,30522.0,1220.88,25.0,1173.923076923077,0.327632527357316,8.190813183932901,8.518445711290218,0.3770243658882999,0.13812154696132597,0.12633919547200323,0.36634647375084217,0.335095571805652,False,False,0.7601541769890359,9.250546942553177,44.0,0.6286416666666667,8.76818467948718,1. petite,25.0,0.0,0.0,1.0,25.0,Relais formel,,,1. Très faible,ténu,1,G3,0.6956521739130435,0.20869565217391303,0.0,0.28695652173913044,0.16521739130434782,35.30434782608695,P4,74,2,,35.30434782608695,29.782608695652176,40.78260869565217,28.652173913043477,34.08695652173913,0.0
MO 2,MO 2,MO,MO,Centrale,21926,1,7,0,1,0,0,2,5,0,0,8,21926.0,3132.285714285714,7.0,2740.75,0.4560795402718234,3.192556781902764,3.648636322174587,0.2708418926173535,0.13812154696132597,0.035374974732160905,0.5099711334408102,0.13061116354750488,False,False,1.837429916278739,2.289417130943492,0.0,0.46137240099612253,8.636449120765976,1. petite,7.0,0.0,0.0,1.0,7.0,Relais formel,,,2. Faible,ténu,1,G3,0.6086956521739131,0.09565217391304348,0.0,0.5565217391304348,0.034782608695652174,34.82608695652174,P4,75,1,,34.82608695652174,31.521739130434785,37.434782608695656,25.30434782608696,27.217391304347828,0.0
OGOU 1,OGOU 1,OGOU,OGOU,Plateaux,116301,17,271,7,5,5,0,103,93,44,31,288,6841.235294117647,429.1549815498155,15.941176470588236,403.8229166666667,1.4617243187934756,23.30160531723717,24.763329636030644,1.4366132880274938,2.3480662983425415,1.369516878916515,1.6344456214563459,0.9532954277465275,False,False,0.29272437723943384,0.9205738556014723,3.6900369003690034,1.1317103094998502,7.530865986088638,3. grande,295.0,30.0,16.41176470588235,0.0,17.352941176470587,Relais formel,,,3. Correct,moyen,3,G2,0.10434782608695647,0.8608695652173913,0.0,0.02608695652173913,0.6434782608695652,25.695652173913043,P4,94,0,,25.695652173913043,24.782608695652172,18.391304347826086,45.52173913043479,30.0,0.0
OGOU 2,OGOU 2,OGOU,OGOU,Plateaux,56282,2,44,0,2,0,0,20,16,7,1,46,28141.0,1279.1363636363637,22.0,1223.5217391304348,0.355353398955261,7.817774777015742,8.173128175971003,0.6952259144526995,0.27624309392265195,0.22235698403072568,0.3973429185822538,0.3198341422669364,False,False,6.747616733374263,5.573587493995141,11.363636363636363,1.298418747212288,7.425432457224832,2. moyenne,40.0,1.0,0.0,2.0,20.0,Relais formel,,,1. Très faible,ténu,1,G3,0.6869565217391305,0.591304347826087,0.0,0.7913043478260869,0.1391304347826087,54.65217391304348,P3,31,4,,54.65217391304348,51.73913043478261,51.1304347826087,55.173913043478265,45.21739130434783,0.001
OGOU 3,OGOU 3,OGOU,OGOU,Plateaux,51836,3,85,0,3,0,0,72,5,6,2,88,17278.666666666668,609.8352941176471,28.333333333333332,589.0454545454545,0.5787483602129794,16.397870206034415,16.976618566247396,0.6403065012183314,0.4143646408839779,0.42955326460481097,0.6471348332330739,0.6708556976814797,False,False,0.330891303996484,1.1250515721545926,4.705882352941177,1.1585759096530865,7.311768472531188,2. moyenne,88.0,8.0,2.0,0.0,29.333333333333332,Relais formel,,,2. Faible,moyen,1,G3,0.5043478260869565,0.4956521739130435,0.0,0.0782608695652174,0.4608695652173913,31.608695652173914,P4,83,2,,31.608695652173914,26.956521739130434,33.43478260869565,36.04347826086956,35.04347826086956,0.0
OGOU 4,OGOU 4,OGOU,OGOU,Plateaux,29048,2,21,0,2,0,0,12,1,8,0,23,14524.0,1383.2380952380952,10.5,1262.9565217391305,0.6885155604516662,7.229413384742495,7.917928945194161,0.35881671516687424,0.27624309392265195,0.10612492419648271,0.7698724230117877,0.29576360216978015,False,False,3.3843996999112718,4.232660033526363,14.285714285714285,1.5177572230541525,7.4225248754208835,1. petite,28.0,11.0,1.0,0.0,14.0,Relais formel,,,2. Faible,ténu,1,G3,0.4434782608695652,0.1826086956521739,0.0,0.6782608695652174,0.10434782608695652,33.65217391304348,P4,80,1,,33.65217391304348,32.608695652173914,31.695652173913043,28.17391304347826,23.217391304347824,0.0
MOYEN-MONO 1,MOYEN MONO 1,MOYEN-MONO,MOYEN MONO,Plateaux,46797,3,39,0,3,0,0,21,4,9,5,42,15599.0,1199.923076923077,13.0,1114.2142857142858,0.6410667350471184,8.333867555612539,8.974934290659657,0.5780620290437969,0.4143646408839779,0.19708914493632504,0.7168169159448173,0.34094809040189106,False,False,1.7428283270643272,3.5520798750434337,10.256410256410255,1.5910269877509169,7.085768141165904,2. moyenne,45.0,6.0,0.6666666666666666,1.0,15.0,Relais formel,,,2. Faible,ténu,1,G3,0.4695652173913043,0.4434782608695652,0.0,0.5391304347826087,0.17391304347826086,38.30434782608695,P4,63,2,,38.30434782608695,36.30434782608696,35.52173913043478,39.65217391304348,32.08695652173913,0.0
MOYEN-MONO 2,MOYEN MONO 2,MOYEN-MONO,MOYEN MONO,Plateaux,43708,3,42,1,2,0,0,38,3,1,0,45,14569.333333333334,1040.6666666666667,14.0,971.2888888888889,0.6863732039901163,9.609224855861628,10.295598059851743,0.5399050188141606,0.4143646408839779,0.21224984839296543,0.7674769199109914,0.39312442188284863,False,False,1.338723313093717,3.4603395798890197,2.380952380952381,1.6200165528767239,7.310089605146808,2. moyenne,40.0,4.0,2.0,0.0,13.333333333333334,Relais formel,,,2. Faible,ténu,1,G3,0.4521739130434783,0.34782608695652173,0.0,0.4782608695652174,0.24347826086956523,34.08695652173913,P4,77,1,,34.08695652173913,31.956521739130437,32.608695652173914,33.60869565217391,28.52173913043479,0.0
HAHO 1,HAHO 1,HAHO,HAHO,Plateaux,119929,16,187,3,12,1,0,147,11,9,20,203,7495.5625,641.3315508021391,11.6875,590.7832512315271,1.3341226892578109,15.592558930700665,16.926681619958476,1.4814283197895917,2.2099447513812156,0.9450171821305842,1.4917662379338716,0.6379094887728389,False,False,0.8412363310300021,2.6509303589912943,4.27807486631016,1.166133804907874,6.915112370089969,3. grande,277.0,91.0,11.375,2.0,17.3125,Relais formel,,,3. Correct,moyen,3,G2,0.14782608695652177,0.8782608695652174,0.0,0.33043478260869563,0.43478260869565216,33.73913043478261,P4,78,0,,33.73913043478261,33.913043478260875,23.869565217391305,51.82608695652174,32.26086956521739,0.0025
HAHO 2,HAHO 2,HAHO,HAHO,Plateaux,82507,2,54,0,2,0,0,35,4,10,5,56,41253.5,1527.9074074074074,27.0,1473.3392857142858,0.24240367483971056,6.544899220672185,6.787302895511896,1.0191713962501134,0.27624309392265195,0.27289266221952696,0.2710467492897137,0.2677593417786195,False,False,4.470521347421174,5.0853911297222805,22.22222222222222,1.379283897216593,6.9971570243139185,3. grande,55.0,1.0,1.0,0.0,27.5,Relais formel,,,1. Très faible,ténu,1,G3,0.7478260869565218,0.7913043478260869,0.0,0.7130434782608696,0.08695652173913043,60.21739130434782,P2,25,6,C. Densification du réseau formel existant,60.21739130434782,56.30434782608695,56.391304347826086,65.21739130434783,53.65217391304348,0.16
HAHO 3,HAHO 3,HAHO,HAHO,Plateaux,58695,0,105,0,0,0,0,72,6,17,10,105,,559.0,,559.0,0.0,17.88908765652952,17.88908765652952,0.7250326045414377,0.0,0.5306246209824136,0.0,0.7318631157532818,True,False,9.14663955807623,7.0152184256823675,46.666666666666664,1.1552340125037364,7.017742934982903,3. grande,0.0,0.0,,,,Dépendante (MM-only),Haho 1,0.6952380952380952,0. Aucun (MM-only),moyen,2,G4,1.0,0.6173913043478261,1.0,0.8173913043478261,0.5304347826086957,86.78260869565216,P1,4,6,A. Extension depuis le pôle voisin,86.78260869565216,85.86956521739131,92.43478260869566,78.13043478260869,88.52173913043477,0.9075
HAHO 4,HAHO 4,HAHO,HAHO,Plateaux,43965,4,107,0,4,0,0,78,8,15,6,111,10991.25,410.8878504672897,26.75,396.0810810810811,0.9098146252701013,24.337541225975208,25.24735585124531,0.5430796227730523,0.5524861878453039,0.5407317566201738,1.017320784426085,0.9956767552041633,False,False,1.901186950098845,5.225390374994558,25.233644859813083,1.1374624557234085,7.159806421620807,2. moyenne,127.0,31.0,3.0,0.0,31.75,Relais formel,,,3. Correct,moyen,0,G1,0.31304347826086953,0.3565217391304348,0.0,0.5652173913043478,0.6869565217391305,31.173913043478258,P4,85,0,,31.173913043478258,30.869565217391305,26.652173913043477,32.565217391304344,23.217391304347824,0.0
AGOU 1,AGOU 1,AGOU,AGOU,Plateaux,58328,6,174,1,5,0,0,140,19,9,6,180,9721.333333333334,335.2183908045977,29.0,324.0444444444444,1.0286654779865587,29.831298861610204,30.859964339596765,0.720499220677962,0.8287292817679558,0.8793208004851425,1.150215375650446,1.2204326878490381,False,False,1.9679577550882368,2.7359051629749427,0.0,0.7587719727539844,6.847919288565773,2. moyenne,213.0,39.0,1.3333333333333333,1.0,35.5,Relais formel,,,3. Correct,dense,0,G1,0.26956521739130435,0.6086956521739131,0.0,0.5739130434782609,0.7652173913043478,36.1304347826087,P4,70,0,,36.1304347826087,36.30434782608696,28.347826086956523,44.434782608695656,29.043478260869566,0.0
AGOU 2,AGOU 2,AGOU,AGOU,Plateaux,27465,0,50,0,0,0,0,32,7,8,3,50,,549.3,,549.3,0.0,18.20498816675769,18.20498816675769,0.3392626370854517,0.0,0.25267839094400646,0.0,0.7447869683343974,True,False,11.948354820535695,11.71865217247895,74.0,0.827458146821871,6.681308383756428,1. petite,0.0,0.0,,,,Dépendante (MM-only),Ave 1,0.66,0. Aucun (MM-only),moyen,2,G4,1.0,0.13043478260869565,1.0,0.8608695652173913,0.5478260869565217,75.47826086956522,P1,14,3,A. Extension depuis le pôle voisin,75.47826086956522,74.78260869565216,85.56521739130434,54.434782608695656,73.91304347826086,0.594
KLOTO 1,KLOTO 1,KLOTO,KLOTO,Plateaux,118387,10,410,5,5,0,0,297,64,27,22,420,11838.7,288.7487804878049,41.0,281.87380952380954,0.844687338981476,34.63218089824051,35.47686823722199,1.4623806960362413,1.3812154696132597,2.0719628057408532,0.9444978816781576,1.4168422841992336,False,False,0.7874958917148461,1.2998918171271865,0.4878048780487805,0.6300854509710994,6.909021222725013,3. grande,421.0,13.0,9.5,0.0,42.1,Relais formel,,,2. Faible,dense,3,G2,0.3652173913043478,0.8695652173913043,0.0,0.30434782608695654,0.8521739130434782,40.60869565217391,P3,55,1,,40.60869565217391,38.47826086956522,34.347826086956516,55.347826086956516,40.69565217391305,0.0
KLOTO 2,KLOTO 2,KLOTO,KLOTO,Plateaux,16166,1,57,0,1,0,0,43,8,4,2,58,16166.0,283.6140350877193,57.0,278.7241379310345,0.6185822095756526,35.2591859458122,35.87776815538785,0.19969123579550016,0.13812154696132597,0.28805336567616735,0.6916755580739333,1.4424937806041578,False,False,3.0031506006860558,3.712547976295841,3.508771929824561,0.6602695002889547,7.018432523621215,1. petite,56.0,13.0,0.0,1.0,56.0,Relais formel,,,2. Faible,dense,0,G1,0.4956521739130435,0.034782608695652174,0.0,0.6434782608695652,0.8695652173913043,31.08695652173913,P4,86,1,,31.08695652173913,29.34782608695652,31.73913043478261,21.304347826086957,20.869565217391305,0.0
KLOTO 3,KLOTO 3,KLOTO,KLOTO,Plateaux,11433,2,36,0,2,0,0,21,11,2,2,38,5716.5,317.5833333333333,18.0,300.86842105263156,1.7493221376716523,31.48779847808974,33.23712061576139,0.14122664226462658,0.27624309392265195,0.18192844147968465,1.9560267771928987,1.2882019891033885,False,False,2.4174514913727077,2.093615274452347,0.0,0.5952949883224952,6.964045193470418,1. petite,35.0,9.0,3.5,0.0,17.5,Relais formel,,,3. Correct,dense,0,G1,0.05217391304347829,0.008695652173913044,0.0,0.591304347826087,0.8,13.869565217391305,P4,112,0,,13.869565217391305,16.304347826086957,8.65217391304348,10.347826086956523,2.347826086956523,0.0
KPELE 1,KPELE 1,KPELE,KPELE,Plateaux,53275,5,184,1,4,0,0,165,10,3,6,189,10655.0,289.5380434782609,36.8,281.8783068783069,0.9385265133740028,34.5377756921633,35.47630220553731,0.6580818128792076,0.6906077348066298,0.9298564786739438,1.0494253469566592,1.4129800588253318,False,False,0.629493742294382,1.4420084333517578,0.0,0.7438656699732815,7.115700620672761,2. moyenne,192.0,30.0,3.4,1.0,38.4,Relais formel,,,3. Correct,dense,0,G1,0.29565217391304344,0.5391304347826087,0.0,0.23478260869565218,0.8434782608695652,28.52173913043478,P4,90,0,,28.52173913043478,26.73913043478261,25.217391304347824,36.391304347826086,27.999999999999996,0.0
KPELE 2,KPELE 2,KPELE,KPELE,Plateaux,27664,3,71,0,3,0,0,55,16,0,0,74,9221.333333333334,389.63380281690144,23.666666666666668,373.8378378378378,1.0844418739155581,25.665124349334874,26.749566223250433,0.34172079345829004,0.4143646408839779,0.3588033151404892,1.212582461519289,1.0499897050727298,False,False,0.9990944018688201,2.8673619069454443,7.042253521126761,0.7932674950192309,7.2347256864373835,1. petite,82.0,13.0,2.6666666666666665,0.0,27.333333333333332,Relais formel,,,3. Correct,dense,0,G1,0.23478260869565215,0.1391304347826087,0.0,0.40869565217391307,0.7130434782608696,19.8695652173913,P4,104,0,,19.8695652173913,19.565217391304344,17.913043478260867,17.782608695652176,13.565217391304346,0.0
DANYI 1+DANYI 2,DANYI 1+DANYI 2,DANYI,DANYI,Plateaux,40240,3,142,0,3,0,0,93,19,20,10,145,13413.333333333334,283.38028169014086,47.333333333333336,277.51724137931035,0.7455268389662028,35.288270377733596,36.0337972166998,0.4970663941860031,0.4143646408839779,0.7176066302809784,0.8336203085355272,1.4436836581079522,False,False,3.014448686735477,3.405609729770904,1.4084507042253522,0.6900795316322371,7.230249084298182,2. moyenne,135.0,4.0,1.6666666666666667,1.0,45.0,Relais formel,,,2. Faible,dense,0,G1,0.4,0.30434782608695654,0.0,0.6521739130434783,0.8782608695652174,34.65217391304348,P4,76,1,,34.65217391304348,33.913043478260875,31.086956521739133,33.0,25.130434782608695,0.0
WAWA 1,WAWA 1,WAWA,WAWA,Plateaux,51187,4,172,1,3,0,0,109,54,5,4,176,12796.75,297.5988372093023,43.0,290.83522727272725,0.7814484146365288,33.60228182937074,34.38373024400727,0.6322896997812858,0.5524861878453039,0.8692136648473823,0.8737864748333136,1.3747079307919303,False,False,5.306419152512573,6.309853112569064,27.325581395348834,0.5933248116162818,7.5528794394010195,2. moyenne,200.0,30.0,3.0,0.0,50.0,Relais formel,,,2. Faible,dense,0,G1,0.3826086956521739,0.48695652173913045,0.0,0.7652173913043478,0.8347826086956521,40.869565217391305,P3,54,1,,40.869565217391305,40.869565217391305,34.08695652173913,43.47826086956522,29.91304347826087,0.0
WAWA 2,WAWA 2,WAWA,WAWA,Plateaux,20414,0,16,0,0,0,0,9,7,0,0,16,,1275.875,,1275.875,0.0,7.837758401097286,7.837758401097286,0.25216484520161697,0.0,0.08085708510208207,0.0,0.3206516952727223,True,False,12.347948202484563,13.714147294580599,93.75,0.7133760874094498,7.469513396611669,1. petite,0.0,0.0,,,,Dépendante (MM-only),Wawa 1,0.625,0. Aucun (MM-only),ténu,2,G4,1.0,0.0782608695652174,1.0,0.8782608695652174,0.14782608695652175,74.52173913043478,P2,17,2,A. Extension depuis le pôle voisin,74.52173913043478,73.91304347826086,84.95652173913044,52.086956521739125,72.34782608695653,0.225
WAWA 3,WAWA 3,WAWA,WAWA,Plateaux,29699,0,56,0,0,0,0,37,17,2,0,56,,530.3392857142857,,530.3392857142857,0.0,18.855853732448903,18.855853732448903,0.3668582216930941,0.0,0.28299979785728724,0.0,0.7714146259315374,True,False,7.660482572176217,8.618864911759262,35.714285714285715,0.7627656841840935,7.576360681258199,1. petite,0.0,0.0,,,,Dépendante (MM-only),Akebou 1,0.5357142857142857,0. Aucun (MM-only),moyen,2,G4,1.0,0.2,1.0,0.8,0.5652173913043478,76.0,P1,13,3,A. Extension depuis le pôle voisin,76.0,75.0,86.0,57.00000000000001,76.0,0.358
AKEBOU 1,AKEBOU 1,AKEBOU,AKEBOU,Plateaux,44196,2,63,0,2,0,0,35,15,1,12,65,22098.0,701.5238095238095,31.5,679.9384615384615,0.4525296406914653,14.254683681781156,14.707213322472622,0.5459330605726788,0.27624309392265195,0.31837477258944813,0.5060017681158117,0.5831754762305033,False,False,0.38452775320688276,4.508186264829068,15.873015873015872,0.7708557417989212,7.682097251888013,2. moyenne,120.0,57.0,1.0,0.0,60.0,Relais formel,,,2. Faible,moyen,1,G3,0.6260869565217391,0.3739130434782609,0.0,0.12173913043478261,0.3652173913043478,33.69565217391304,P4,79,2,,33.69565217391304,28.043478260869563,38.13043478260869,33.04347826086956,36.26086956521739,0.0
AKEBOU 2,AKEBOU 2,AKEBOU,AKEBOU,Plateaux,29634,0,24,0,0,0,0,15,2,3,4,24,,1234.75,,1234.75,0.0,8.098805426199636,8.098805426199636,0.3660553062949308,0.0,0.1212856276531231,0.0,0.331331428796181,True,False,30.670913023199915,28.128750365809257,100.0,0.8332864980891248,7.90178508220992,1. petite,0.0,0.0,,,,Dépendante (MM-only),Akebou 1,0.9583333333333334,0. Aucun (MM-only),ténu,2,G4,1.0,0.19130434782608696,1.0,0.991304347826087,0.1565217391304348,79.6086956521739,P2,10,3,B. Nouveau point relais (isolement > 15 km),79.6086956521739,79.56521739130434,87.78260869565217,59.43478260869565,75.73913043478261,0.8345
AMOU 1,AMOU 1,AMOU,AMOU,Plateaux,19746,1,43,0,1,0,0,30,8,5,0,44,19746.0,459.2093023255814,43.0,448.77272727272725,0.5064316823660489,21.7765623417401,22.28299402410615,0.24391334541741594,0.13812154696132597,0.21730341621184557,0.5662730209573182,0.8909041686094213,False,False,1.771227417223386,2.7921074321034123,0.0,0.9293269235272674,7.472459642316892,1. petite,38.0,5.0,0.0,1.0,38.0,Relais formel,,,2. Faible,moyen,0,G1,0.5826086956521739,0.06086956521739131,0.0,0.5478260869565217,0.6173913043478261,32.869565217391305,P4,81,1,,32.869565217391305,29.78260869565217,35.52173913043478,22.913043478260867,25.130434782608695,0.0
AMOU 2,AMOU 2,AMOU,AMOU,Plateaux,40016,4,31,0,4,0,0,18,9,4,0,35,10004.0,1290.8387096774193,7.75,1143.3142857142857,0.9996001599360256,7.746901239504198,8.746501399440223,0.4942994241984866,0.5524861878453039,0.156660602385284,1.117715620933947,0.31693462447242654,False,False,0.44284705722405054,4.660106811521381,25.806451612903224,0.9058448970811609,7.360261695246311,1. petite,21.0,3.0,3.0,0.0,5.25,Relais formel,,,3. Correct,ténu,1,G3,0.27826086956521734,0.28695652173913044,0.0,0.1826086956521739,0.12173913043478261,20.565217391304344,P4,102,0,,20.565217391304344,18.69565217391304,20.043478260869563,22.652173913043477,19.739130434782606,0.0
AMOU 3,AMOU 3,AMOU,AMOU,Plateaux,54410,1,101,0,1,0,0,62,34,5,0,102,54410.0,538.7128712871287,101.0,533.4313725490196,0.1837897445322551,18.562764197757765,18.74655394229002,0.6721019509855972,0.13812154696132597,0.510410349706893,0.20550683829853345,0.7594239965505335,False,False,1.573248539938999,3.965003174512072,16.831683168316832,1.0621143531146955,7.549035571256868,2. moyenne,80.0,12.0,7.0,0.0,80.0,Relais formel,,,1. Très faible,moyen,1,G3,0.7652173913043478,0.5652173913043478,0.0,0.5304347826086957,0.5565217391304348,51.52173913043478,P3,36,4,,51.52173913043478,46.52173913043478,52.04347826086957,51.52173913043478,47.56521739130435,0.0
ANIE 1,ANIE 1,ANIE,ANIE,Plateaux,100745,9,237,4,5,0,0,165,53,2,17,246,11193.888888888889,425.084388185654,26.333333333333332,409.5325203252033,0.89334458285771,23.5247406819197,24.418085264777407,1.2444571044301413,1.2430939226519337,1.1976955730745906,0.9989045972148378,0.9624241517131572,False,False,0.561615437160097,2.0614685651755216,10.126582278481013,1.1912703495853283,7.774047035664504,3. grande,235.0,6.0,8.0,0.0,26.11111111111111,Relais formel,,,2. Faible,moyen,3,G2,0.33043478260869563,0.8173913043478261,0.0,0.21739130434782608,0.6521739130434783,36.34782608695652,P4,69,1,,36.34782608695652,34.130434782608695,30.956521739130434,50.73913043478261,37.73913043478261,0.0
ANIE 2,ANIE 2,ANIE,ANIE,Plateaux,79413,1,48,0,1,0,0,41,7,0,0,49,79413.0,1654.4375,48.0,1620.6734693877552,0.1259239671086598,6.04435042121567,6.17027438832433,0.9809526232975414,0.13812154696132597,0.2425712553062462,0.14080348396135653,0.24728131567743386,False,False,2.748805378746762,5.581524725290371,20.833333333333336,1.4451606046077057,7.702285872125534,3. grande,51.0,10.0,0.0,1.0,51.0,Relais formel,,,1. Très faible,ténu,1,G3,0.8,0.7739130434782608,0.0,0.6086956521739131,0.06956521739130435,59.52173913043478,P2,26,7,C. Densification du réseau formel existant,59.52173913043478,54.56521739130436,57.69565217391305,63.82608695652174,55.21739130434783,0.0985
EST-MONO 1,EST MONO 1,EST-MONO,EST MONO,Plateaux,34652,1,69,0,1,0,0,48,15,0,6,70,34652.0,502.2028985507246,69.0,495.0285714285714,0.28858363153641925,19.91227057601293,20.200854207549348,0.4280403750331357,0.13812154696132597,0.3486961795027289,0.32268345468726783,0.8146338519485118,False,False,1.0158593120586743,6.729322840676056,34.78260869565217,1.3266008721851523,7.931819064943558,1. petite,60.0,0.0,0.0,1.0,60.0,Relais formel,,,1. Très faible,moyen,1,G3,0.7217391304347827,0.24347826086956523,0.0,0.41739130434782606,0.5739130434782609,39.69565217391305,P3,58,3,,39.69565217391305,34.56521739130435,43.913043478260875,32.869565217391305,36.173913043478265,0.0
EST-MONO 2,EST MONO 2,EST-MONO,EST MONO,Plateaux,101866,1,99,0,1,0,0,56,29,9,5,100,101866.0,1028.949494949495,99.0,1018.66,0.09816818172893801,9.718649991164863,9.816818172893802,1.258304306912311,0.13812154696132597,0.5003032140691328,0.10976799984119535,0.39760112980682827,False,False,16.73142419792838,14.051594227618173,54.54545454545454,1.447925190373526,8.144004695221016,3. grande,106.0,7.0,0.0,1.0,106.0,Périphérie à point formel isolé,,,1. Très faible,ténu,2,G4,0.808695652173913,0.8260869565217391,0.0,0.9391304347826087,0.25217391304347825,67.7391304347826,P2,23,9,C. Densification du réseau formel existant,67.7391304347826,64.34782608695652,62.21739130434783,71.56521739130436,57.130434782608695,0.3225
EST-MONO 3,EST MONO 3,EST-MONO,EST MONO,Plateaux,27942,1,41,0,1,0,0,36,4,1,0,42,27942.0,681.5121951219512,41.0,665.2857142857143,0.35788418867654426,14.673251735738315,15.03113592441486,0.3451548008535114,0.13812154696132597,0.20719628057408532,0.40017275326831314,0.6002995759054279,False,False,0.31754670171508825,1.9302556039706373,9.75609756097561,1.2029321671840556,7.996223268458239,1. petite,44.0,9.0,0.0,1.0,44.0,Relais formel,,,1. Très faible,moyen,1,G3,0.6782608695652175,0.1565217391304348,0.0,0.06086956521739131,0.4,28.869565217391308,P4,88,2,,28.869565217391308,22.39130434782609,36.86956521739131,22.30434782608696,31.826086956521742,0.0
ZIO 1,ZIO 1,ZIO,ZIO,Maritime intérieur,307292,23,508,4,15,0,4,378,43,49,38,531,13360.521739130434,604.9055118110236,22.08695652173913,578.7043314500942,0.7484737643674421,16.53150749124611,17.279981255613553,3.795838131267527,3.1767955801104972,2.567212451991106,0.8369154506200411,0.6763229524578932,False,False,2.6315035142296948,2.6793688860162663,0.984251968503937,1.2331572266860416,6.385719052672585,3. grande,423.0,13.0,12.73913043478261,0.0,18.391304347826086,Relais formel,,,2. Faible,moyen,3,G2,0.3913043478260869,0.9826086956521739,0.0,0.6,0.46956521739130436,50.26086956521739,P3,38,5,,50.26086956521739,49.34782608695652,40.30434782608695,65.95652173913044,45.13043478260869,0.1615
ZIO 2,ZIO 2,ZIO,ZIO,Maritime intérieur,96193,5,81,0,5,0,0,50,7,5,19,86,19238.6,1187.567901234568,16.2,1118.5232558139535,0.5197883421870614,8.420571143430395,8.940359485617456,1.1882283214695377,0.6906077348066298,0.40933899332929047,0.5812079398616949,0.3444952337300307,False,False,1.2882338119297594,3.8917923251145514,18.51851851851852,1.1130617994263283,6.345081652995042,3. grande,106.0,30.0,9.8,0.0,21.2,Relais formel,,,2. Faible,ténu,1,G3,0.5739130434782609,0.808695652173913,0.0,0.4608695652173913,0.19130434782608696,49.52173913043478,P3,39,4,,49.52173913043478,46.08695652173913,45.43478260869565,58.82608695652174,47.21739130434783,0.0
ZIO 3,ZIO 3,ZIO,ZIO,Maritime intérieur,67843,5,142,1,4,0,0,108,17,8,9,147,13568.6,477.7676056338028,28.4,461.5170068027211,0.7369957106849638,20.930678183452972,21.667673894137938,0.8380336824244784,0.6906077348066298,0.7176066302809784,0.8240811190412574,0.8562980764745662,False,False,1.0430770297925216,5.625678620901466,33.098591549295776,1.1179407062813917,6.705641753459026,3. grande,105.0,6.0,3.6,0.0,21.0,Relais formel,,,2. Faible,moyen,1,G3,0.408695652173913,0.6956521739130435,0.0,0.4260869565217391,0.6,40.21739130434782,P3,57,2,,40.21739130434782,38.260869565217384,35.130434782608695,49.34782608695652,37.21739130434783,0.0
ZIO 4,ZIO 4,ZIO,ZIO,Maritime intérieur,28704,3,48,0,3,0,0,20,0,12,16,51,9568.0,598.0,16.0,562.8235294117648,1.0451505016722409,16.722408026755854,17.767558528428093,0.35456743982890243,0.4143646408839779,0.2425712553062462,1.168648314362793,0.6841329125519807,False,False,0.3009596733920215,4.756864932111989,22.916666666666664,1.0937657888980887,6.607151109101783,1. petite,47.0,13.0,2.0,0.0,15.666666666666666,Relais formel,,,3. Correct,moyen,0,G1,0.26086956521739135,0.17391304347826086,0.0,0.034782608695652174,0.4956521739130435,14.173913043478262,P4,111,0,,14.173913043478262,11.739130434782611,16.0,14.43478260869565,15.65217391304348,0.0
YOTO 1,YOTO 1,YOTO,YOTO,Maritime intérieur,77353,10,82,4,6,0,0,33,20,29,0,92,7735.3,943.329268292683,8.2,840.7934782608696,1.2927746823006219,10.600752394865099,11.893527077165722,0.9555063814480591,1.3812154696132597,0.41439256114817064,1.4455324385380277,0.4336889519462585,False,False,0.8205162156738448,1.0843431511478665,0.0,1.484710862441629,6.61266617423815,3. grande,76.0,0.0,6.6,0.0,7.6,Relais formel,,,3. Correct,ténu,1,G3,0.16521739130434787,0.7652173913043478,0.0,0.3217391304347826,0.2782608695652174,31.34782608695652,P4,84,0,,31.34782608695652,31.30434782608696,22.956521739130434,46.39130434782609,29.565217391304348,0.0
YOTO 2,YOTO 2,YOTO,YOTO,Maritime intérieur,43412,6,51,1,5,0,0,25,11,15,0,57,7235.333333333333,851.2156862745098,8.5,761.6140350877193,1.3821063300469916,11.747903805399428,13.13001013544642,0.536248665616371,0.8287292817679558,0.25773195876288657,1.5454197556191658,0.48062023327675085,False,False,0.3846232681815293,1.1999123192174554,1.9607843137254901,1.3726571694347194,6.574595948268672,2. moyenne,71.0,21.0,3.6666666666666665,0.0,11.833333333333334,Relais formel,,,3. Correct,ténu,0,G1,0.12173913043478257,0.3391304347826087,0.0,0.13043478260869565,0.2956521739130435,15.347826086956518,P4,107,0,,15.347826086956518,14.782608695652172,12.478260869565215,21.34782608695652,15.043478260869565,0.0
YOTO 3,YOTO 3,YOTO,YOTO,Maritime intérieur,54086,3,27,1,2,0,0,10,3,14,0,30,18028.666666666668,2003.1851851851852,9.0,1802.8666666666666,0.5546721887364567,4.992049698628111,5.546721887364567,0.6680997265393679,0.4143646408839779,0.13644633110976348,0.6202137561562995,0.20423048489561588,False,False,2.8082592076176396,3.889011341199087,14.814814814814813,1.543435590016155,6.68120970540876,2. moyenne,33.0,6.0,1.3333333333333333,0.0,11.0,Relais formel,,,2. Faible,ténu,1,G3,0.5217391304347826,0.5565217391304348,0.0,0.6260869565217392,0.06086956521739131,44.69565217391304,P3,49,2,,44.69565217391304,42.608695652173914,40.69565217391305,47.65217391304348,37.565217391304344,0.0
BAS-MONO 1,BAS MONO 1,BAS-MONO,BAS MONO,Maritime intérieur,55382,3,149,0,2,0,1,107,5,37,0,152,18460.666666666668,371.69127516778525,49.666666666666664,364.35526315789474,0.5416922465783106,26.904048246722763,27.445740493301074,0.6841086243242849,0.4143646408839779,0.7529816050131393,0.6057000688936769,1.1006755042108736,False,False,0.8099004655206329,1.4805474926363444,0.0,1.6213348688755742,6.500290431189792,2. moyenne,160.0,15.0,4.0,0.0,53.333333333333336,Relais formel,,,2. Faible,dense,0,G1,0.5565217391304348,0.5826086956521739,0.0,0.3130434782608696,0.7391304347826086,40.30434782608695,P3,56,2,,40.30434782608695,36.30434782608696,39.69565217391305,44.95652173913044,39.73913043478261,0.0
BAS-MONO 2,BAS MONO 2,BAS-MONO,BAS MONO,Maritime intérieur,39478,1,34,0,1,0,0,22,4,8,0,35,39478.0,1161.1176470588234,34.0,1127.942857142857,0.25330563858351485,8.612391711839505,8.865697350423021,0.4876537552106121,0.13812154696132597,0.1718213058419244,0.28323691858308947,0.35234283342638617,False,False,4.572655648321351,4.46541358708385,5.88235294117647,1.6694390928935214,6.4561166515819055,1. petite,18.0,0.0,0.0,1.0,18.0,Relais formel,,,1. Très faible,ténu,1,G3,0.7391304347826086,0.2782608695652174,0.0,0.7304347826086957,0.2,47.434782608695656,P3,43,3,,47.434782608695656,43.69565217391304,48.43478260869565,39.652173913043484,37.91304347826087,0.0
LACS 1,LACS 1,LACS,LACS,Maritime intérieur,52994,10,172,7,3,0,0,127,14,15,16,182,5299.4,308.1046511627907,17.2,291.1758241758242,1.8870060761595653,32.45650450994452,34.34351058610409,0.6546107478502249,1.3812154696132597,0.8692136648473823,2.1099798225880675,1.3278328651063618,False,False,0.46070899226515005,0.9709228661675219,0.0,1.604274226806412,6.238153018294878,2. moyenne,183.0,14.0,9.0,0.0,18.3,Relais formel,,,4. Élevé,dense,0,G1,0.04347826086956519,0.5217391304347826,0.0,0.19130434782608696,0.8173913043478261,18.391304347826086,P4,105,0,,18.391304347826086,18.913043478260867,11.913043478260867,29.826086956521742,17.391304347826082,0.0
LACS 2,LACS 2,LACS,LACS,Maritime intérieur,42855,2,40,1,1,0,0,21,5,9,5,42,21427.5,1071.375,20.0,1020.3571428571429,0.466690001166725,9.3338000233345,9.800490024501226,0.529368298281341,0.27624309392265195,0.20214271275520518,0.5218353551195056,0.38185647574946635,False,False,1.368247324479862,3.3265774256842855,5.0,1.7144143836320456,6.312671045470059,2. moyenne,39.0,5.0,1.0,0.0,19.5,Relais formel,,,2. Faible,ténu,1,G3,0.6,0.33043478260869563,0.0,0.48695652173913045,0.22608695652173913,39.0,P4,59,2,,39.0,35.434782608695656,39.826086956521735,35.826086956521735,33.91304347826087,0.0
LACS 3,LACS 3,LACS,LACS,Maritime intérieur,108176,6,443,1,5,0,0,373,24,24,22,449,18029.333333333332,244.18961625282168,73.83333333333333,240.92650334075725,0.5546516787457477,40.951782280727706,41.50643395947345,1.3362488632570844,0.8287292817679558,2.2387305437638974,0.6201908226495639,1.6753844327373488,False,False,0.8534971696911606,1.2210924210629015,0.0,1.4382549946374688,6.2041727935057684,3. grande,487.0,55.0,8.166666666666666,0.0,81.16666666666667,Pôle formel,,,2. Faible,dense,3,G2,0.5304347826086957,0.8434782608695652,0.0,0.34782608695652173,0.9130434782608695,46.608695652173914,P3,46,4,,46.608695652173914,43.04347826086957,42.65217391304348,58.00000000000001,46.52173913043478,0.001
LACS 4,LACS 4,LACS,LACS,Maritime intérieur,37222,3,86,1,2,0,0,60,0,13,13,89,12407.333333333334,432.8139534883721,28.666666666666668,418.2247191011236,0.8059749610445436,23.10461554994358,23.910590510988126,0.4597864146220529,0.4143646408839779,0.43460683242369114,0.9012111443627321,0.9452363501886859,False,False,1.2880255253783346,2.1774564581481513,0.0,1.6226241467364646,6.321949214685079,1. petite,102.0,25.0,2.0,0.0,34.0,Relais formel,,,2. Faible,moyen,0,G1,0.3739130434782608,0.26956521739130435,0.0,0.45217391304347826,0.6347826086956522,28.8695652173913,P4,89,1,,28.8695652173913,27.391304347826086,27.260869565217387,27.73913043478261,23.043478260869563,0.0
VO 1,VO 1,VO,VO,Maritime intérieur,88865,8,211,4,4,0,0,147,2,52,10,219,11108.125,421.1611374407583,26.375,405.7762557077626,0.9002419400213807,23.74388116806392,24.6441231080853,1.0977088747350687,1.1049723756906078,1.0663028097837073,1.0066169647733714,0.9713894406119826,False,False,0.7774207320953578,1.753539317810961,0.0,1.5356609478449161,6.341648160183847,3. grande,195.0,7.0,7.0,0.0,24.375,Relais formel,,,3. Correct,moyen,3,G2,0.32173913043478264,0.8,0.0,0.2956521739130435,0.6695652173913044,37.173913043478265,P4,68,0,,37.173913043478265,35.434782608695656,31.043478260869566,50.86956521739131,36.869565217391305,0.0
VO 2,VO 2,VO,VO,Maritime intérieur,24396,1,52,0,1,0,0,25,1,23,3,53,24396.0,469.15384615384613,52.0,460.3018867924528,0.40990326282997214,21.31496966715855,21.72487292998852,0.301352677747558,0.13812154696132597,0.26278552658176674,0.45833854204882785,0.8720198823051482,False,False,2.979093760849484,3.056267231629535,0.0,1.4944818104424653,6.243535847627704,1. petite,33.0,10.0,3.0,0.0,33.0,Relais formel,,,1. Très faible,moyen,1,G3,0.6434782608695653,0.11304347826086956,0.0,0.6347826086956522,0.6086956521739131,38.04347826086957,P4,64,2,,38.04347826086957,34.78260869565217,40.21739130434783,28.043478260869563,29.1304347826087,0.0
VO 3,VO 3,VO,VO,Maritime intérieur,64651,2,100,0,2,0,0,70,1,27,2,102,32325.5,646.51,50.0,633.8333333333334,0.30935329693276203,15.467664846638103,15.777018143570865,0.798604360102368,0.27624309392265195,0.5053567818880129,0.34590731997411345,0.632799928394123,False,False,1.3898124418703897,3.409948671765726,0.0,1.550042040883165,6.457562626811494,3. grande,87.0,4.0,4.0,0.0,43.5,Relais formel,,,1. Très faible,moyen,1,G3,0.7043478260869565,0.6521739130434783,0.0,0.5043478260869565,0.4260869565217391,51.043478260869556,P3,37,4,,51.043478260869556,46.52173913043478,50.043478260869556,54.2608695652174,47.73913043478261,0.0
VO 4,VO 4,VO,VO,Maritime intérieur,46499,6,113,1,5,0,0,87,0,23,3,119,7749.833333333333,411.49557522123894,18.833333333333332,390.74789915966386,1.2903503301146262,24.30159788382546,25.591948213940086,0.574380970756833,0.8287292817679558,0.5710531635334546,1.442821618334571,0.9942062718077279,False,False,0.7297102165568056,1.887983930711145,0.0,1.4265080683906537,6.3659454879742094,2. moyenne,127.0,16.0,5.0,0.0,21.166666666666668,Relais formel,,,3. Correct,moyen,0,G1,0.17391304347826086,0.4260869565217391,0.0,0.26956521739130435,0.6782608695652174,22.130434782608692,P4,99,0,,22.130434782608692,21.73913043478261,17.782608695652176,28.826086956521735,19.73913043478261,0.0
AVE 1,AVE 1,AVE,AVE,Maritime intérieur,75044,10,79,3,7,0,0,46,4,11,18,89,7504.4,949.9240506329114,7.9,843.1910112359551,1.332551569745749,10.527157400991419,11.859708970737168,0.9269843559963822,1.3812154696132597,0.39923185769153025,1.4900094706869575,0.4306780962472773,False,False,0.4257822308644145,2.2452170094563226,7.59493670886076,0.9060961117149442,6.462593433734119,3. grande,118.0,40.0,6.2,1.0,11.8,Relais formel,,,3. Correct,ténu,1,G3,0.15652173913043477,0.7304347826086957,0.0,0.16521739130434782,0.26956521739130435,27.043478260869563,P4,92,0,,27.043478260869563,26.304347826086953,20.434782608695652,42.130434782608695,28.17391304347826,0.0
AVE 2,AVE 2,AVE,AVE,Maritime intérieur,36170,4,49,0,4,0,0,30,2,6,11,53,9042.5,738.1632653061224,12.25,682.4528301886793,1.105888858169754,13.547138512579485,14.653027370749239,0.44679153771639496,0.5524861878453039,0.24762482312512635,1.2365636794938573,0.5542289909758955,False,False,0.9136740570772981,1.6860685092082863,0.0,1.046649945533847,6.2799567257391065,1. petite,42.0,1.0,3.5,1.0,10.5,Relais formel,,,3. Correct,moyen,0,G1,0.22608695652173916,0.25217391304347825,0.0,0.3826086956521739,0.33043478260869563,21.869565217391305,P4,100,0,,21.869565217391305,21.521739130434785,18.91304347826087,22.8695652173913,16.608695652173914,0.0
GOLFE 1,GOLFE 1,GOLFE,GOLFE,Grand Lomé,351550,57,1256,26,24,7,0,955,138,53,110,1313,6167.543859649123,279.89649681528664,22.035087719298247,267.74562071591777,1.6213909827904993,35.727492533067846,37.34888351585834,4.342537049604608,7.87292817679558,6.347281180513442,1.8129789307180275,1.4616527407846454,False,False,0.4092703437900823,0.4465254915749607,0.0,1.2621639078918763,6.163942647053181,4. Grand Lomé,1219.0,64.0,143.0701754385965,0.0,21.385964912280702,Pôle formel,,,3. Correct,dense,3,G2,0.08695652173913049,1.0,0.0,0.1391304347826087,0.8869565217391304,30.826086956521735,P4,87,0,,30.826086956521735,30.65217391304348,20.73913043478261,53.826086956521735,33.47826086956522,0.042
GOLFE 2,GOLFE 2,GOLFE,GOLFE,Grand Lomé,136153,9,454,7,2,0,0,342,62,37,13,463,15128.111111111111,299.8964757709251,50.44444444444444,294.0669546436285,0.6610210571930109,33.34483999618077,34.00586105337378,1.6818360031711452,1.2430939226519337,2.2943197897715786,0.7391290948154564,1.364175689808982,False,False,0.6631345015229708,0.6835080799046539,0.0,1.2455413603722543,6.181122827484232,4. Grand Lomé,400.0,82.0,182.88888888888889,0.0,44.44444444444444,Relais formel,,,2. Faible,dense,3,G2,0.4608695652173913,0.9043478260869565,0.0,0.25217391304347825,0.8260869565217391,43.78260869565217,P3,51,4,,43.78260869565217,40.43478260869565,39.13043478260869,58.217391304347835,45.565217391304344,0.028
GOLFE 3,GOLFE 3,GOLFE,GOLFE,Grand Lomé,52769,35,281,14,8,13,0,214,46,7,14,316,1507.6857142857143,187.7900355871886,8.028571428571428,166.9905063291139,6.632682067122743,53.25096173889973,59.88364380602248,0.6518314253181212,4.834254143646409,1.4200525571053164,7.416417736053596,2.1785579859275286,False,False,0.3120786843930758,0.3693399007799971,0.0,1.215990950997227,6.160227398810573,4. Grand Lomé,460.0,214.0,213.57142857142858,0.0,13.142857142857142,Relais formel,,,4. Élevé,dense,0,G1,0.0,0.5043478260869565,0.0,0.043478260869565216,0.9565217391304348,13.478260869565217,P4,113,0,,13.478260869565217,13.695652173913043,8.0,25.869565217391305,15.130434782608695,0.0
GOLFE 4,GOLFE 4,GOLFE,GOLFE,Grand Lomé,155842,34,809,20,3,11,0,643,101,22,43,843,4583.588235294118,192.63535228677378,23.794117647058822,184.86595492289442,2.1816968468063807,51.911551443128296,54.09324828993468,1.925045253547095,4.696132596685083,4.088336365474024,2.439492052476155,2.123761172855984,False,False,0.33685048884191854,0.3636628252300993,0.0,1.2143687981180575,6.133051111839906,4. Grand Lomé,712.0,35.0,157.85294117647058,0.0,20.941176470588236,Pôle formel,,,4. Élevé,dense,3,G2,0.02608695652173909,0.9217391304347826,0.0,0.10434782608695652,0.9478260869565217,26.043478260869563,P4,93,0,,26.043478260869563,26.304347826086953,16.173913043478258,48.17391304347826,28.69565217391304,0.0065
GOLFE 5,GOLFE 5,GOLFE,GOLFE,Grand Lomé,169993,60,1062,22,23,12,3,738,287,0,37,1122,2833.2166666666667,160.06873822975518,17.7,151.50891265597147,3.529557099409976,62.47316065955657,66.00271775896654,2.0998461119995335,8.287292817679559,5.366889023650697,3.9466191214308375,2.5558487324293453,False,False,0.3289649874983662,0.35255202527652557,0.0,1.1818214690758695,6.1923696638292585,4. Grand Lomé,1066.0,61.0,181.9,0.0,17.766666666666666,Pôle formel,,,4. Élevé,dense,3,G2,0.008695652173912993,0.9304347826086956,0.0,0.06956521739130435,0.9826086956521739,24.95652173913043,P4,95,0,,24.95652173913043,25.217391304347824,15.086956521739129,47.7391304347826,28.26086956521739,0.0105
GOLFE 6,GOLFE 6,GOLFE,GOLFE,Grand Lomé,181561,23,482,10,12,1,0,340,91,13,38,505,7893.95652173913,376.68257261410787,20.956521739130434,359.5267326732673,1.2667918771101723,26.547551511613175,27.814343388723348,2.2427403477834225,3.1767955801104972,2.435819688700222,1.4164794347460836,1.0860908134584668,False,False,0.8610888724330796,1.0708988401180053,0.0,1.3333438326030045,6.177204488352264,4. Grand Lomé,461.0,6.0,59.34782608695652,0.0,20.043478260869566,Relais formel,,,3. Correct,dense,3,G2,0.19130434782608696,0.9478260869565217,0.0,0.3565217391304348,0.7304347826086957,37.52173913043478,P4,66,0,,37.52173913043478,37.391304347826086,27.347826086956523,56.565217391304344,36.08695652173913,0.045
GOLFE 7,GOLFE 7,GOLFE,GOLFE,Grand Lomé,257813,14,777,0,13,1,0,559,100,16,102,791,18415.214285714286,331.8056628056628,55.5,325.9329962073325,0.5430292498826669,30.138123368488014,30.681152618370678,3.1846465776410544,1.9337016574585635,3.9266221952698603,0.6071950561279875,1.23298523071229,False,False,0.756133737909596,0.9336275378716532,0.0,1.1367033575929908,6.1852642049719275,4. Grand Lomé,758.0,35.0,125.71428571428571,0.0,54.142857142857146,Pôle formel,,,2. Faible,dense,3,G2,0.5478260869565217,0.9739130434782609,0.0,0.2782608695652174,0.782608695652174,49.086956521739125,P3,40,10,,49.086956521739125,45.0,44.78260869565217,63.82608695652174,51.1304347826087,0.1185
AGOE-NYIVE 1,AGOE NYIVE 1,AGOE-NYIVE,AGOE NYIVE,Grand Lomé,317255,36,446,7,22,7,0,291,137,0,18,482,8812.638888888889,711.3340807174887,12.38888888888889,658.2053941908714,1.1347338891428032,14.05809207104695,15.192825960189753,3.918906532989076,4.972375690607735,2.2538912472205377,1.26881711741544,0.5751326877146575,False,False,0.5427466976018496,0.737656397179847,0.0,1.1887983615873423,6.233321689948625,4. Grand Lomé,534.0,99.0,155.19444444444446,0.0,14.833333333333334,Pôle formel,,,3. Correct,moyen,3,G2,0.19999999999999996,0.991304347826087,0.0,0.20869565217391303,0.34782608695652173,35.95652173913044,P4,73,0,,35.95652173913044,35.0,26.95652173913043,56.69565217391305,37.7391304347826,0.0565
AGOE-NYIVE 2,AGOE NYIVE 2,AGOE-NYIVE,AGOE NYIVE,Grand Lomé,128164,6,37,0,6,0,0,27,6,1,3,43,21360.666666666668,3463.891891891892,6.166666666666667,2980.5581395348836,0.4681501825785712,2.886926125901189,3.3550763084797603,1.583151524464585,0.8287292817679558,0.1869820092985648,0.5234680755199528,0.11810746249434417,False,False,1.323547774542801,1.2746352308841362,0.0,1.1491534959491605,6.2611019270960435,4. Grand Lomé,28.0,6.0,107.66666666666667,0.0,4.666666666666667,Relais formel,,,2. Faible,ténu,1,G3,0.5913043478260869,0.8956521739130435,0.0,0.46956521739130436,0.02608695652173913,52.47826086956522,P3,34,6,,52.47826086956522,48.91304347826087,47.69565217391304,63.65217391304348,50.52173913043478,0.115
AGOE-NYIVE 3,AGOE NYIVE 3,AGOE-NYIVE,AGOE NYIVE,Grand Lomé,47554,8,263,1,5,1,1,156,105,0,2,271,5944.25,180.81368821292776,32.875,175.4760147601476,1.6822980190940826,55.305547377717964,56.98784539681205,0.5874129052962523,1.1049723756906078,1.329088336365474,1.8810829073176942,2.262613443426425,False,False,0.31664748348115923,0.34750391593112145,0.0,1.1663722170311615,6.217807597238762,4. Grand Lomé,222.0,6.0,150.75,0.0,27.75,Relais formel,,,3. Correct,dense,0,G1,0.07826086956521738,0.4608695652173913,0.0,0.05217391304347826,0.9652173913043478,15.304347826086955,P4,108,0,,15.304347826086955,14.782608695652174,11.347826086956522,25.39130434782609,16.956521739130434,0.0
AGOE-NYIVE 4,AGOE NYIVE 4,AGOE-NYIVE,AGOE NYIVE,Grand Lomé,154431,4,258,2,2,0,0,102,149,0,7,262,38607.75,598.5697674418604,64.5,589.4312977099237,0.2590153531350571,16.70649027721118,16.96550563034624,1.9076158131346583,0.5524861878453039,1.3038204972710734,0.28962130846328016,0.6834816991418161,False,False,1.3907172740717872,1.379821614170984,0.0,1.2138934273022997,6.265007331372837,4. Grand Lomé,255.0,2.0,99.5,0.0,63.75,Relais formel,,,1. Très faible,moyen,3,G2,0.7304347826086957,0.9130434782608695,0.0,0.5130434782608696,0.48695652173913045,58.652173913043484,P2,28,10,C. Densification du réseau formel existant,58.652173913043484,53.91304347826087,55.347826086956516,67.95652173913044,56.608695652173914,0.1935
AGOE-NYIVE 5,AGOE NYIVE 5,AGOE-NYIVE,AGOE NYIVE,Grand Lomé,125097,5,97,0,5,0,0,80,14,1,2,102,25019.4,1289.659793814433,19.4,1226.4411764705883,0.3996898406836295,7.753982909262413,8.153672749946042,1.5452662702158657,0.6906077348066298,0.49019607843137253,0.44691827429207753,0.3172243437132001,False,False,1.159058457868363,1.2797693322167574,0.0,1.133101249583801,6.232913596279957,4. Grand Lomé,66.0,15.0,96.6,0.0,13.2,Relais formel,,,1. Très faible,ténu,1,G3,0.6521739130434783,0.8869565217391304,0.0,0.43478260869565216,0.13043478260869565,53.69565217391305,P3,33,7,,53.69565217391305,49.34782608695652,50.26086956521739,63.91304347826087,52.69565217391305,0.11
AGOE-NYIVE 6,AGOE NYIVE 6,AGOE-NYIVE,AGOE NYIVE,Grand Lomé,110194,8,297,1,7,0,0,195,94,1,7,305,13774.25,371.023569023569,37.125,361.2918032786885,0.7259923407808048,26.952465651487376,27.678457992268182,1.3611762982339073,1.1049723756906078,1.5009096422073984,0.8117775611610945,1.1026563158312348,False,False,0.8997978257674863,1.2138417069225942,0.0,1.2197473634630245,6.321787405055511,4. Grand Lomé,350.0,53.0,12.5,0.0,43.75,Relais formel,,,2. Faible,dense,3,G2,0.4260869565217391,0.8521739130434782,0.0,0.3739130434782609,0.7478260869565218,43.69565217391304,P3,52,2,,43.69565217391304,41.30434782608695,37.82608695652174,56.7391304347826,42.608695652173914,0.0
