prefecture_norm,cle_commune,canton_norm,n_formel,n_mm,mm_only,apparie_rgph,region_a
AGOE NYIVE,AGOE NYIVE 1,AGOE NYIVE,36,446,False,False,Grand Lomé
AGOE NYIVE,AGOE NYIVE 2,LEGBASSITO,6,37,False,True,Grand Lomé
AGOE NYIVE,AGOE NYIVE 3,VAKPOSSITO,8,263,False,False,Grand Lomé
AGOE NYIVE,AGOE NYIVE 4,TOGBLEKOPE,4,258,False,False,Grand Lomé
AGOE NYIVE,AGOE NYIVE 5,SANGUERA,5,97,False,True,Grand Lomé
AGOE NYIVE,AGOE NYIVE 6,ADETIKOPE,8,297,False,False,Grand Lomé
AGOU,AGOU 1,AGOU AKPLOLO,0,12,True,True,Plateaux
AGOU,AGOU 1,AGOU ATIGBE,0,1,True,True,Plateaux
AGOU,AGOU 1,AGOU IBOE,0,2,True,False,Plateaux
AGOU,AGOU 1,AGOU KEBO,0,2,True,True,Plateaux
AGOU,AGOU 1,AGOU NYOGBO AGBETIKO,0,23,True,False,Plateaux
AGOU,AGOU 1,AGOU NYOGBO DZIDJOLE,0,17,True,False,Plateaux
AGOU,AGOU 1,AGOU TAVIE,3,47,False,True,Plateaux
AGOU,AGOU 1,ASSAHOUN FIAGBE,0,1,True,False,Plateaux
AGOU,AGOU 1,GADJA,2,57,False,True,Plateaux
AGOU,AGOU 1,KATI,1,12,False,True,Plateaux
AGOU,AGOU 2,AGOTIME NORD,0,4,True,True,Plateaux
AGOU,AGOU 2,AGOTIME SUD (ADZAKPA),0,1,True,False,Plateaux
AGOU,AGOU 2,AMOUSSOU KOPE,0,45,True,True,Plateaux
AKEBOU,AKEBOU 1,DJON,0,8,True,True,Plateaux
AKEBOU,AKEBOU 1,GBENDE,0,2,True,True,Plateaux
AKEBOU,AKEBOU 1,KOUGNOHOU,2,43,False,True,Plateaux
AKEBOU,AKEBOU 1,VEH,0,4,True,False,Plateaux
AKEBOU,AKEBOU 1,YALLA,0,6,True,True,Plateaux
AKEBOU,AKEBOU 2,KAMINA AKEBOU,0,17,True,False,Plateaux
AKEBOU,AKEBOU 2,KPALAVE,0,2,True,True,Plateaux
AKEBOU,AKEBOU 2,SEREGBENE,0,5,True,True,Plateaux
AMOU,AMOU 1,ADIVA,0,4,True,True,Plateaux
AMOU,AMOU 1,AMLAME (OUMA),1,32,False,False,Plateaux
AMOU,AMOU 1,IMLE ADIVA,0,7,True,False,Plateaux
AMOU,AMOU 2,AMOU OBLO,4,18,False,True,Plateaux
AMOU,AMOU 2,EKPEGNON,0,1,True,True,Plateaux
AMOU,AMOU 2,KPATEGAN,0,7,True,True,Plateaux
AMOU,AMOU 2,SODO,0,5,True,True,Plateaux
AMOU,AMOU 3,EVOU,0,28,True,True,Plateaux
AMOU,AMOU 3,HIHEATRO,0,28,True,True,Plateaux
AMOU,AMOU 3,OTADI,0,15,True,True,Plateaux
AMOU,AMOU 3,TEMEDJA,1,30,False,True,Plateaux
ANIE,ANIE 1,ANIE,9,208,False,True,Plateaux
ANIE,ANIE 1,KOLO KOPE,0,12,True,True,Plateaux
ANIE,ANIE 1,PALLAKOKO,0,17,True,True,Plateaux
ANIE,ANIE 2,ADOGBENOU,1,29,False,True,Plateaux
ANIE,ANIE 2,ATCHINEDJI,0,10,True,True,Plateaux
ANIE,ANIE 2,GLITTO,0,9,True,True,Plateaux
ASSOLI,ASSOLI 1,BAFILO,7,153,False,True,Kara
ASSOLI,ASSOLI 1,BOULADE,0,7,True,True,Kara
ASSOLI,ASSOLI 1,DAKO (DAOUDE),0,9,True,False,Kara
ASSOLI,ASSOLI 2,ALEDJO,0,18,True,True,Kara
ASSOLI,ASSOLI 2,KOUMONDE,0,13,True,True,Kara
ASSOLI,ASSOLI 3,SOUDOU,0,28,True,True,Kara
AVE,AVE 1,ANDO,0,5,True,False,Maritime intérieur
AVE,AVE 1,ASSAHOUN,5,43,False,False,Maritime intérieur
AVE,AVE 1,EDZI,0,1,True,True,Maritime intérieur
AVE,AVE 1,KEVE,3,11,False,True,Maritime intérieur
AVE,AVE 1,TOVEGAN,1,9,False,True,Maritime intérieur
AVE,AVE 1,ZOLO,1,10,False,False,Maritime intérieur
AVE,AVE 2,AKEPE,2,22,False,True,Maritime intérieur
AVE,AVE 2,BADJA,1,10,False,True,Maritime intérieur
AVE,AVE 2,NOEPE,1,17,False,True,Maritime intérieur
BAS MONO,BAS MONO 1,AFAGNAN GBLETA,1,42,False,False,Maritime intérieur
BAS MONO,BAS MONO 1,AFAGNANGAN,2,88,False,False,Maritime intérieur
BAS MONO,BAS MONO 1,KPETSOU,0,19,True,True,Maritime intérieur
BAS MONO,BAS MONO 2,AGBETIKO,0,4,True,True,Maritime intérieur
BAS MONO,BAS MONO 2,AGOME GLOZOU,0,6,True,True,Maritime intérieur
BAS MONO,BAS MONO 2,ATTITOGON,1,23,False,True,Maritime intérieur
BAS MONO,BAS MONO 2,HOMPOU,0,1,True,True,Maritime intérieur
BASSAR,BASSAR 1,BAGHAN,0,9,True,True,Kara
BASSAR,BASSAR 1,BASSAR,9,257,False,True,Kara
BASSAR,BASSAR 1,KALANGA,0,7,True,True,Kara
BASSAR,BASSAR 2,BANGELI,2,40,False,True,Kara
BASSAR,BASSAR 2,BITCHABE,0,4,True,True,Kara
BASSAR,BASSAR 2,DIMORI,0,10,True,True,Kara
BASSAR,BASSAR 3,KABOU,3,70,False,True,Kara
BASSAR,BASSAR 3,MANGA,0,10,True,True,Kara
BASSAR,BASSAR 4,SANDA AFOHOU,0,12,True,True,Kara
BASSAR,BASSAR 4,SANDA KAGBANDA,0,17,True,True,Kara
BINAH,BINAH 1,BOUFALE,0,12,True,True,Kara
BINAH,BINAH 1,LAMA DESSI,0,12,True,True,Kara
BINAH,BINAH 1,PAGOUDA,2,47,False,True,Kara
BINAH,BINAH 1,PESSARE,0,7,True,True,Kara
BINAH,BINAH 1,PITIKITA,0,2,True,True,Kara
BINAH,BINAH 1,SOLLA,0,12,True,True,Kara
BINAH,BINAH 2,KEMERIDA,0,9,True,True,Kara
BINAH,BINAH 2,KETAO,7,99,False,True,Kara
BINAH,BINAH 2,SIRKA,0,12,True,True,Kara
BLITTA,BLITTA 1,BLITTA,4,8,False,False,Centrale
BLITTA,BLITTA 1,BLITTA VILLAGE,0,13,True,True,Centrale
BLITTA,BLITTA 1,PAGALA GARE,4,17,False,True,Centrale
BLITTA,BLITTA 1,TCHALOUDE,0,10,True,True,Centrale
BLITTA,BLITTA 1,WARAGNI,0,7,True,True,Centrale
BLITTA,BLITTA 1,YALOUMBE,0,20,True,True,Centrale
BLITTA,BLITTA 2,AGBANDI,2,5,False,True,Centrale
BLITTA,BLITTA 2,TCHARE BAOU,0,4,True,True,Centrale
BLITTA,BLITTA 3,ATCHINTSE,0,1,True,True,Centrale
BLITTA,BLITTA 3,M'POTI,0,3,True,True,Centrale
BLITTA,BLITTA 3,WELLY,0,2,True,True,Centrale
CINKASSE,CINKASSE 1,BOADE,0,3,True,True,Savanes
CINKASSE,CINKASSE 1,CINKASSE,16,462,False,True,Savanes
CINKASSE,CINKASSE 1,GOULOUNGOUSSI,0,2,True,True,Savanes
CINKASSE,CINKASSE 2,BIANKOURI,0,16,True,True,Savanes
CINKASSE,CINKASSE 2,NADJOUNDI,0,17,True,True,Savanes
CINKASSE,CINKASSE 2,SAM NABA,1,20,False,True,Savanes
CINKASSE,CINKASSE 2,TIMBOU,1,23,False,True,Savanes
DANKPEN,DANKPEN 1,GUERIN KOUKA,7,96,False,True,Kara
DANKPEN,DANKPEN 1,KATCHAMBA,0,7,True,True,Kara
DANKPEN,DANKPEN 1,KOULFEIKOU,0,11,True,False,Kara
DANKPEN,DANKPEN 1,NAOMPOCH,0,8,True,False,Kara
DANKPEN,DANKPEN 2,KOUTCHITCHEOU,0,8,True,True,Kara
DANKPEN,DANKPEN 2,NAMON,0,10,True,True,Kara
DANKPEN,DANKPEN 2,NATCHIBORE,0,6,True,True,Kara
DANKPEN,DANKPEN 2,NATCHITIKPI,0,7,True,True,Kara
DANKPEN,DANKPEN 3,BAPURE,0,20,True,True,Kara
DANKPEN,DANKPEN 3,KIDJABOU,0,7,True,False,Kara
DANKPEN,DANKPEN 3,NANDOUTA,0,5,True,True,Kara
DANKPEN,DANKPEN 3,NAWARE,0,5,True,True,Kara
DANYI,DANYI 1+DANYI 2,AHLON,0,10,True,True,Plateaux
DANYI,DANYI 1+DANYI 2,DANYI ATIGBA,2,75,False,False,Plateaux
DANYI,DANYI 1+DANYI 2,DANYI ELAVAGNON,1,27,False,False,Plateaux
DANYI,DANYI 1+DANYI 2,DANYI KAKPA,0,22,True,True,Plateaux
DANYI,DANYI 1+DANYI 2,DANYI KPETO EVITA,0,6,True,True,Plateaux
DANYI,DANYI 1+DANYI 2,YIKPA,0,2,True,True,Plateaux
DOUFELGOU,DOUFELGOU 1,AGBANDE YAKA,0,4,True,True,Kara
DOUFELGOU,DOUFELGOU 1,BAGA,0,11,True,True,Kara
DOUFELGOU,DOUFELGOU 1,KOKA,0,6,True,True,Kara
DOUFELGOU,DOUFELGOU 1,NIAMTOUGOU,5,65,False,True,Kara
DOUFELGOU,DOUFELGOU 1,SIOU,1,25,False,True,Kara
DOUFELGOU,DOUFELGOU 1,TENEGA,0,3,True,True,Kara
DOUFELGOU,DOUFELGOU 2,DEFALE,1,27,False,True,Kara
DOUFELGOU,DOUFELGOU 2,KPAHA,0,3,True,True,Kara
DOUFELGOU,DOUFELGOU 3,ALLOUM,3,15,False,True,Kara
DOUFELGOU,DOUFELGOU 3,KADJALLA,0,15,True,True,Kara
DOUFELGOU,DOUFELGOU 3,LEON,0,7,True,True,Kara
DOUFELGOU,DOUFELGOU 3,TCHORE,0,3,True,True,Kara
EST MONO,EST MONO 1,ELAVAGNON,1,54,False,True,Plateaux
EST MONO,EST MONO 1,GBADJAHE,0,15,True,True,Plateaux
EST MONO,EST MONO 2,BADIN COPE,0,30,True,False,Plateaux
EST MONO,EST MONO 2,KAMINA,0,18,True,True,Plateaux
EST MONO,EST MONO 2,MORETAN,1,51,False,True,Plateaux
EST MONO,EST MONO 3,KPESSI,0,6,True,True,Plateaux
EST MONO,EST MONO 3,NYAMASSILA,1,35,False,True,Plateaux
GOLFE,GOLFE 1,BE EST,57,1256,False,False,Grand Lomé
GOLFE,GOLFE 2,BE CENTRE,9,454,False,False,Grand Lomé
GOLFE,GOLFE 3,BE OUEST,35,281,False,False,Grand Lomé
GOLFE,GOLFE 4,AMOUTIVE,34,809,False,True,Grand Lomé
GOLFE,GOLFE 5,AFLAO GAKLI,60,1062,False,True,Grand Lomé
GOLFE,GOLFE 6,BAGUIDA,23,482,False,True,Grand Lomé
GOLFE,GOLFE 7,AFLAO SAGBADO,14,777,False,False,Grand Lomé
HAHO,HAHO 1,ATCHAVE,1,26,False,True,Plateaux
HAHO,HAHO 1,DALIA,0,27,True,True,Plateaux
HAHO,HAHO 1,HAHOMEGBE,1,20,False,True,Plateaux
HAHO,HAHO 1,NOTSE,14,114,False,True,Plateaux
HAHO,HAHO 2,ASRAMA,2,32,False,True,Plateaux
HAHO,HAHO 2,DJEMEGNI,0,22,True,True,Plateaux
HAHO,HAHO 3,KPEDOME,0,105,True,True,Plateaux
HAHO,HAHO 4,AKPAKPAKPE,0,13,True,True,Plateaux
HAHO,HAHO 4,KPEGNON (HAITO),0,13,True,False,Plateaux
HAHO,HAHO 4,WAHALA,4,81,False,True,Plateaux
KERAN,KERAN 1,AKPONTE,0,6,True,True,Kara
KERAN,KERAN 1,KANTE,7,77,False,False,Kara
KERAN,KERAN 1,PESSIDE,0,8,True,True,Kara
KERAN,KERAN 2,ATALOTE,0,8,True,True,Kara
KERAN,KERAN 2,HELOTA,0,13,True,True,Kara
KERAN,KERAN 2,OSSACRE,0,17,True,True,Kara
KERAN,KERAN 3,NADOBA,0,9,True,True,Kara
KERAN,KERAN 3,WARENGO,0,1,True,True,Kara
KLOTO,KLOTO 1,AGOME KPALIME,10,368,False,True,Plateaux
KLOTO,KLOTO 1,GBALABE,0,6,True,False,Plateaux
KLOTO,KLOTO 1,HANYIGBA,0,5,True,True,Plateaux
KLOTO,KLOTO 1,KPADAPE,0,3,True,False,Plateaux
KLOTO,KLOTO 1,TOME,0,2,True,True,Plateaux
KLOTO,KLOTO 1,TOVE,0,10,True,True,Plateaux
KLOTO,KLOTO 1,WOME,0,10,True,False,Plateaux
KLOTO,KLOTO 1,YOKELE,0,6,True,True,Plateaux
KLOTO,KLOTO 2,KPIME,0,26,True,True,Plateaux
KLOTO,KLOTO 2,LAVIE,0,21,True,False,Plateaux
KLOTO,KLOTO 2,LAVIE APEDOME,1,10,False,False,Plateaux
KLOTO,KLOTO 3,AGOME TOMEGBE,1,6,False,True,Plateaux
KLOTO,KLOTO 3,AGOME YOH,0,2,True,False,Plateaux
KLOTO,KLOTO 3,KOUMA,1,28,False,True,Plateaux
KOZAH,KOZAH 1,COMMUNE DE KARA,26,1257,False,False,Kara
KOZAH,KOZAH 1,LANDA,0,30,True,True,Kara
KOZAH,KOZAH 1,LASSA,0,60,True,True,Kara
KOZAH,KOZAH 1,SOUMDINA,0,19,True,True,Kara
KOZAH,KOZAH 2,BOHOU,0,20,True,True,Kara
KOZAH,KOZAH 2,KOUMEA,0,25,True,True,Kara
KOZAH,KOZAH 2,PYA,4,40,False,True,Kara
KOZAH,KOZAH 2,SARA KAWA,0,9,True,False,Kara
KOZAH,KOZAH 2,TCHARE,0,8,True,True,Kara
KOZAH,KOZAH 2,TCHITCHAO,0,9,True,True,Kara
KOZAH,KOZAH 2,YADE,0,16,True,True,Kara
KOZAH,KOZAH 3,AWANDJELO,0,22,True,True,Kara
KOZAH,KOZAH 3,KPINZINDE,0,12,True,True,Kara
KOZAH,KOZAH 4,ATCHANGBADE,0,25,True,True,Kara
KOZAH,KOZAH 4,DJAMDE,0,10,True,True,Kara
KPELE,KPELE 1,KPELE AKATA,0,15,True,False,Plateaux
KPELE,KPELE 1,KPELE DAWLOTOU,0,4,True,True,Plateaux
KPELE,KPELE 1,KPELE GOVIE,0,15,True,True,Plateaux
KPELE,KPELE 1,KPELE NOVIVE,5,150,False,True,Plateaux
KPELE,KPELE 2,KPELE CENTRE,1,12,False,False,Plateaux
KPELE,KPELE 2,KPELE DUTOE,0,5,True,True,Plateaux
KPELE,KPELE 2,KPELE GBALEDZE,0,9,True,False,Plateaux
KPELE,KPELE 2,KPELE KAME,0,21,True,True,Plateaux
KPELE,KPELE 2,KPELE NORD,2,24,False,True,Plateaux
KPENDJAL,KPENDJAL 1,KOUNDJOARE,0,18,True,True,Savanes
KPENDJAL,KPENDJAL 1,MANDOURI,0,17,True,True,Savanes
KPENDJAL,KPENDJAL 1,TAMBIGOU,0,1,True,True,Savanes
KPENDJAL,KPENDJAL 2,BORGOU,0,5,True,True,Savanes
KPENDJAL OUEST,KPENDJAL OUEST 1,NAKI EST,1,47,False,True,Savanes
KPENDJAL OUEST,KPENDJAL OUEST 1,NAYEGA,0,6,True,True,Savanes
KPENDJAL OUEST,KPENDJAL OUEST 1,OGARO,0,20,True,True,Savanes
KPENDJAL OUEST,KPENDJAL OUEST 2,NAMOUNDJOGA,0,11,True,True,Savanes
KPENDJAL OUEST,KPENDJAL OUEST 2,PAPRI,2,20,False,True,Savanes
KPENDJAL OUEST,KPENDJAL OUEST 2,POGNO,0,16,True,True,Savanes
KPENDJAL OUEST,KPENDJAL OUEST 2,TAMBONGA,0,9,True,True,Savanes
LACS,LACS 1,ANEHO,1,57,False,True,Maritime intérieur
LACS,LACS 1,CANTON D’ANEHO,9,83,False,False,Maritime intérieur
LACS,LACS 1,GLIDJI,0,32,True,True,Maritime intérieur
LACS,LACS 2,AGOUEGAN,0,12,True,True,Maritime intérieur
LACS,LACS 2,AKLAKOU,2,28,False,True,Maritime intérieur
LACS,LACS 3,AGBODRAFO,3,179,False,True,Maritime intérieur
LACS,LACS 3,GBODJOME,3,264,False,True,Maritime intérieur
LACS,LACS 4,ANFOIN,3,47,False,True,Maritime intérieur
LACS,LACS 4,FIATA,0,25,True,True,Maritime intérieur
LACS,LACS 4,GANAVE,0,14,True,True,Maritime intérieur
MO,MO 1,BOULOHOU,0,9,True,True,Centrale
MO,MO 1,DJARKPANGA,1,14,False,True,Centrale
MO,MO 1,KAGNIGBARA,0,2,True,True,Centrale
MO,MO 2,SAIBOUDE,0,2,True,True,Centrale
MO,MO 2,TINDJASSE,1,5,False,False,Centrale
MOYEN MONO,MOYEN MONO 1,AHASSOME,0,4,True,True,Plateaux
MOYEN MONO,MOYEN MONO 1,TADO,2,9,False,True,Plateaux
MOYEN MONO,MOYEN MONO 1,TOHOUN,1,26,False,True,Plateaux
MOYEN MONO,MOYEN MONO 2,KATOME,0,4,True,True,Plateaux
MOYEN MONO,MOYEN MONO 2,KPEKPLEME,3,27,False,True,Plateaux
MOYEN MONO,MOYEN MONO 2,SALIGBE,0,11,True,True,Plateaux
OGOU,OGOU 1,DJAMA,8,31,False,True,Plateaux
OGOU,OGOU 1,GNAGNA,9,226,False,True,Plateaux
OGOU,OGOU 1,HOUDOU,0,14,True,False,Plateaux
OGOU,OGOU 2,AKPARE,1,14,False,True,Plateaux
OGOU,OGOU 2,DATCHA,1,8,False,True,Plateaux
OGOU,OGOU 2,KATORE,0,22,True,True,Plateaux
OGOU,OGOU 3,GLEI,3,85,False,True,Plateaux
OGOU,OGOU 4,OUNTIVOU,2,21,False,True,Plateaux
OTI,OTI 1,FARE,0,1,True,True,Savanes
OTI,OTI 1,MANGO,7,202,False,True,Savanes
OTI,OTI 1,SADORI,0,5,True,True,Savanes
OTI,OTI 2,BARKOISSI,4,108,False,True,Savanes
OTI,OTI 2,GALANGASHIE,0,16,True,True,Savanes
OTI,OTI 2,LOKO,0,8,True,True,Savanes
OTI,OTI 2,NAGBENI,0,23,True,True,Savanes
OTI,OTI 2,TCHANAGA,0,5,True,True,Savanes
OTI SUD,OTI SUD 1,GANDO,3,63,False,True,Savanes
OTI SUD,OTI SUD 1,MOGOU,0,13,True,True,Savanes
OTI SUD,OTI SUD 1,SAGBIEBOU,1,33,False,True,Savanes
OTI SUD,OTI SUD 1,TCHAMONGA,0,11,True,True,Savanes
OTI SUD,OTI SUD 2,KOUMONGOU,0,9,True,True,Savanes
OTI SUD,OTI SUD 2,KOUNTOIRE,0,15,True,True,Savanes
OTI SUD,OTI SUD 2,NALI,0,3,True,True,Savanes
OTI SUD,OTI SUD 2,TAKPAMBA,1,12,False,True,Savanes
SOTOUBOUA,SOTOUBOUA 1,KANIAMBOUA,0,8,True,True,Centrale
SOTOUBOUA,SOTOUBOUA 1,SOTOUBOUA,11,141,False,True,Centrale
SOTOUBOUA,SOTOUBOUA 1,TABINDE,0,2,True,True,Centrale
SOTOUBOUA,SOTOUBOUA 2,ADJENGRE,4,62,False,True,Centrale
SOTOUBOUA,SOTOUBOUA 2,AOUDA,0,28,True,True,Centrale
SOTOUBOUA,SOTOUBOUA 2,SESSARO,0,6,True,True,Centrale
SOTOUBOUA,SOTOUBOUA 2,TITTIGBE,0,11,True,False,Centrale
SOTOUBOUA,SOTOUBOUA 3,BODJONDE,0,6,True,True,Centrale
SOTOUBOUA,SOTOUBOUA 3,KAZABOUA,0,15,True,True,Centrale
SOTOUBOUA,SOTOUBOUA 3,TCHEBEBE,3,76,False,True,Centrale
TANDJOARE,TANDJOARE 1,BOGOU,0,12,True,True,Savanes
TANDJOARE,TANDJOARE 1,BOMBOUAKA,3,17,False,True,Savanes
TANDJOARE,TANDJOARE 1,GOUNDOGA,0,8,True,True,Savanes
TANDJOARE,TANDJOARE 1,LOKO,0,1,True,True,Savanes
TANDJOARE,TANDJOARE 1,NANDOGA,0,4,True,True,Savanes
TANDJOARE,TANDJOARE 1,PLIGOU,0,6,True,True,Savanes
TANDJOARE,TANDJOARE 1,TAMONGUE,1,18,False,True,Savanes
TANDJOARE,TANDJOARE 2,BAGOU,0,1,True,True,Savanes
TANDJOARE,TANDJOARE 2,DOUKPERGOU,1,10,False,True,Savanes
TANDJOARE,TANDJOARE 2,LOKPANO,0,4,True,True,Savanes
TANDJOARE,TANDJOARE 2,NANO,3,36,False,True,Savanes
TANDJOARE,TANDJOARE 2,SISSIAK,0,26,True,True,Savanes
TANDJOARE,TANDJOARE 2,TAMPIALIME,0,16,True,True,Savanes
TCHAMBA,TCHAMBA 1,AFFEM,0,4,True,True,Centrale
TCHAMBA,TCHAMBA 1,ALIBI I,0,3,True,False,Centrale
TCHAMBA,TCHAMBA 1,KRI KRI,0,2,True,False,Centrale
TCHAMBA,TCHAMBA 1,LARINI,0,3,True,False,Centrale
TCHAMBA,TCHAMBA 1,TCHAMBA,6,40,False,True,Centrale
TCHAMBA,TCHAMBA 2,BAGO,0,44,True,True,Centrale
TCHAMBA,TCHAMBA 2,KOUSSOUNTOU,1,41,False,True,Centrale
TCHAMBA,TCHAMBA 3,BALANKA,0,11,True,True,Centrale
TCHAMBA,TCHAMBA 3,GOUBI,0,17,True,True,Centrale
TCHAMBA,TCHAMBA 3,KABOLI,5,40,False,True,Centrale
TCHAOUDJO,TCHAOUDJO 1,KADAMBARA,0,56,True,True,Centrale
TCHAOUDJO,TCHAOUDJO 1,KPANGALAM,3,261,False,True,Centrale
TCHAOUDJO,TCHAOUDJO 1,KPARATAOU,0,66,True,False,Centrale
TCHAOUDJO,TCHAOUDJO 1,SOKODE (KOMAH),17,862,False,False,Centrale
TCHAOUDJO,TCHAOUDJO 1,TCHALO,0,23,True,True,Centrale
TCHAOUDJO,TCHAOUDJO 2,LAMA TESSI,0,45,True,True,Centrale
TCHAOUDJO,TCHAOUDJO 3,ALEHERIDE,0,27,True,True,Centrale
TCHAOUDJO,TCHAOUDJO 3,AMAIDE,0,20,True,True,Centrale
TCHAOUDJO,TCHAOUDJO 3,KEMENI,0,5,True,True,Centrale
TCHAOUDJO,TCHAOUDJO 3,KOLINA,0,13,True,True,Centrale
TCHAOUDJO,TCHAOUDJO 4,AGOULOUDE,0,13,True,False,Centrale
TCHAOUDJO,TCHAOUDJO 4,KPASSAOUADE,0,10,True,False,Centrale
TCHAOUDJO,TCHAOUDJO 4,WASSARABO,0,10,True,True,Centrale
TONE,TONE 1,BIDJENGA,0,10,True,True,Savanes
TONE,TONE 1,DAPAONG,15,869,False,True,Savanes
TONE,TONE 1,KOURIENTRE,0,8,True,True,Savanes
TONE,TONE 1,NATIGOU,0,3,True,True,Savanes
TONE,TONE 1,PANA,0,19,True,True,Savanes
TONE,TONE 1,POISSONGUI,0,11,True,True,Savanes
TONE,TONE 1,TOAGA,0,26,True,True,Savanes
TONE,TONE 2,NAKI OUEST,0,45,True,True,Savanes
TONE,TONE 2,NAMARE,0,9,True,True,Savanes
TONE,TONE 2,NANERGOU,0,22,True,True,Savanes
TONE,TONE 3,LOTOGOU,1,18,False,True,Savanes
TONE,TONE 3,NIOUKPOURMA,0,24,True,True,Savanes
TONE,TONE 3,TAMI,0,30,True,True,Savanes
TONE,TONE 3,WARKAMBOU,0,11,True,True,Savanes
TONE,TONE 4,KANTINDI,0,29,True,True,Savanes
TONE,TONE 4,KORBONGOU,0,120,True,True,Savanes
TONE,TONE 4,LOUANGA,0,9,True,True,Savanes
TONE,TONE 4,SANFATOUTE,0,17,True,True,Savanes
VO,VO 1,VO KOUTIME,0,36,True,True,Maritime intérieur
VO,VO 1,VOGAN,8,175,False,True,Maritime intérieur
VO,VO 2,ANYRON KOPE,0,7,True,True,Maritime intérieur
VO,VO 2,TOGOVILLE,1,45,False,True,Maritime intérieur
VO,VO 3,DAGBATI,0,26,True,True,Maritime intérieur
VO,VO 3,DZREKPO,2,58,False,True,Maritime intérieur
VO,VO 3,MOME HOUNKPATI,0,16,True,True,Maritime intérieur
VO,VO 4,AKOUMAPE,1,43,False,True,Maritime intérieur
VO,VO 4,HAHOTOE,5,55,False,True,Maritime intérieur
VO,VO 4,SEVAGAN,0,15,True,True,Maritime intérieur
WAWA,WAWA 1,BADOU,4,89,False,True,Plateaux
WAWA,WAWA 1,KESSIBO,0,21,True,True,Plateaux
WAWA,WAWA 1,KPETE BENA,0,34,True,True,Plateaux
WAWA,WAWA 1,TOMEGBE,0,28,True,True,Plateaux
WAWA,WAWA 2,EKETO,0,1,True,False,Plateaux
WAWA,WAWA 2,GBADI N'KOUGNA,0,13,True,False,Plateaux
WAWA,WAWA 2,GOBE,0,2,True,False,Plateaux
WAWA,WAWA 3,DOUME,0,13,True,True,Plateaux
WAWA,WAWA 3,KLABE EFOUKPA,0,9,True,True,Plateaux
WAWA,WAWA 3,OKOU,0,5,True,True,Plateaux
WAWA,WAWA 3,OUNABE,0,5,True,True,Plateaux
WAWA,WAWA 3,ZOGBEGAN,0,24,True,True,Plateaux
YOTO,YOTO 1,AMOUSSIME,0,7,True,True,Maritime intérieur
YOTO,YOTO 1,KINI KONDJI,0,2,True,True,Maritime intérieur
YOTO,YOTO 1,KOUVE,2,18,False,True,Maritime intérieur
YOTO,YOTO 1,TABLIGBO,8,55,False,True,Maritime intérieur
YOTO,YOTO 2,AHEPE,4,17,False,True,Maritime intérieur
YOTO,YOTO 2,TCHEKPO,2,27,False,True,Maritime intérieur
YOTO,YOTO 2,ZAFI,0,7,True,True,Maritime intérieur
YOTO,YOTO 3,ESSE GODJIN,0,3,True,True,Maritime intérieur
YOTO,YOTO 3,GBOTO,2,9,False,True,Maritime intérieur
YOTO,YOTO 3,SENDOME,0,2,True,False,Maritime intérieur
YOTO,YOTO 3,TOKPLI,1,11,False,True,Maritime intérieur
YOTO,YOTO 3,TOMETY KONDJI,0,2,True,True,Maritime intérieur
ZIO,ZIO 1,ABOBO,3,28,False,True,Maritime intérieur
ZIO,ZIO 1,DALAVE,1,51,False,True,Maritime intérieur
ZIO,ZIO 1,DAVIE,0,153,True,True,Maritime intérieur
ZIO,ZIO 1,DJAGBLE,7,26,False,True,Maritime intérieur
ZIO,ZIO 1,GBATOPE,1,62,False,True,Maritime intérieur
ZIO,ZIO 1,GBLAINVIE,0,9,True,True,Maritime intérieur
ZIO,ZIO 1,KPOME,0,22,True,True,Maritime intérieur
ZIO,ZIO 1,TSEVIE,11,157,False,True,Maritime intérieur
ZIO,ZIO 2,BOLOU,0,18,True,True,Maritime intérieur
ZIO,ZIO 2,KOVIE,2,14,False,True,Maritime intérieur
ZIO,ZIO 2,MISSION TOVE,3,41,False,True,Maritime intérieur
ZIO,ZIO 2,WLI,0,8,True,True,Maritime intérieur
ZIO,ZIO 3,AGBELOUVE,4,125,False,True,Maritime intérieur
ZIO,ZIO 3,GAME SEVA,1,17,False,False,Maritime intérieur
ZIO,ZIO 4,GAPE CENTRE,3,41,False,True,Maritime intérieur
ZIO,ZIO 4,GAPE KPODJI,0,7,True,True,Maritime intérieur
