prefecture,prefecture_norm,region_a,population,n_formel,n_mm,n_banque,n_mf,n_assurance,n_mutuelle,n_mm_deux_op,n_mm_togocom,n_mm_moov,n_mm_nsp,n_points,hab_par_formel,hab_par_mm,mm_par_formel,hab_par_point,formel_10k,mm_10k,pts_10k,part_pop_pct,part_formel_pct,part_mm_pct,ratio_repr_formel,ratio_repr_mm,mm_only,desert_recense,dist_med_km,dist_moy_km,pct_eloignes,classe
TONE,TONE,Savanes,388775,16,1280,7,9,0,0,825,298,78,79,1296,24298.4375,303.73046875,80.0,299.9807098765432,0.41154909652112404,32.92392772168992,33.33547681821105,4.802360521860422,2.2099447513812156,6.468566808166566,0.4601788519044982,1.3469556853804596,False,False,1.2513703480025815,3.626483172503847,14.921875000000002,Faible
CINKASSE,CINKASSE,Savanes,128959,18,543,10,8,0,0,255,271,7,10,561,7164.388888888889,237.49355432780848,30.166666666666668,229.873440285205,1.3957924611698291,42.106405911956514,43.50219837312634,1.5929717974113513,2.4861878453038675,2.7440873256519103,1.56072307704633,1.7226214111958367,False,False,0.3513889612005062,1.071614926290407,0.3683241252302026,Correct
KPENDJAL-OUEST,KPENDJAL OUEST,Savanes,123330,3,129,0,3,0,0,76,29,23,1,132,41110.0,956.046511627907,43.0,934.3181818181819,0.24324981756263683,10.459742155193384,10.70299197275602,1.5234393239304116,0.4143646408839779,0.6519102486355367,0.2719928745274436,0.42792006113747594,False,False,3.625341785187375,4.7131583405598585,10.077519379844961,Faible
KPENDJAL,KPENDJAL,Savanes,88365,0,41,0,0,0,0,22,12,5,2,41,,2155.243902439024,,2155.243902439024,0.0,4.639846092910089,4.639846092910089,1.091532602441505,0.0,0.20719628057408532,0.0,0.18982143099586338,True,False,29.208692127649623,31.82786003532382,100.0,MM-only
OTI-SUD,OTI SUD,Savanes,150376,5,159,1,4,0,0,89,35,19,16,164,30075.2,945.7610062893082,31.8,916.9268292682926,0.3324998670000532,10.573495770601692,10.905995637601745,1.857526244833857,0.6906077348066298,0.8035172832019406,0.371788951422541,0.43257385215238764,False,False,1.2474023813774497,7.0508302348162974,36.477987421383645,Faible
OTI,OTI,Savanes,124848,11,368,5,6,0,0,207,101,38,22,379,11349.818181818182,339.2608695652174,33.45454545454545,329.41424802110816,0.8810713828014866,29.475842624631554,30.356914007433037,1.5421904866136709,1.5193370165745856,1.8597129573478877,0.9851811626141809,1.2058905650698377,False,False,0.6964189247356123,2.8069035835044502,12.5,Correct
TANDJOARE,TANDJOARE,Savanes,138867,8,159,1,7,0,0,115,11,30,3,167,17358.375,873.377358490566,19.875,831.5389221556886,0.5760907919088049,11.449804489187496,12.0258952810963,1.7153608091806087,1.1049723756906078,0.8035172832019406,0.6441632394635561,0.46842464798164746,False,False,4.562493555525209,3.9432040442497307,0.628930817610063,Faible
KOZAH,KOZAH,Kara,283738,30,1562,16,7,7,0,872,628,7,55,1592,9457.933333333332,181.6504481434059,52.06666666666667,178.22738693467338,1.0573134370440336,55.05078628875935,56.108099725803385,3.50488629606233,4.143646408839779,7.8936729330907625,1.1822484551054004,2.252190874767934,False,False,1.5220209993759974,2.300437525803735,2.6248399487836105,Correct
ASSOLI,ASSOLI,Kara,66394,7,228,2,5,0,0,89,118,3,18,235,9484.857142857143,291.20175438596493,32.57142857142857,282.5276595744681,1.0543121366388528,34.34045245052264,35.39476458716149,0.820134845317731,0.9668508287292817,1.1522134627046694,1.1788925129192762,1.4049073384490656,False,False,0.7252597363931108,3.631336240820045,14.912280701754385,Correct
BASSAR,BASSAR,Kara,152065,14,436,6,7,1,0,144,114,2,176,450,10861.785714285714,348.7729357798165,31.142857142857142,337.9222222222222,0.920658928747575,28.671949495281623,29.592608424029198,1.8783896926415151,1.9337016574585635,2.2033555690317366,1.0294464801599634,1.1730023741416686,False,False,0.5062774229173647,3.6262009001155415,15.825688073394495,Correct
DANKPEN,DANKPEN,Kara,185662,7,190,3,4,0,0,89,59,8,34,197,26523.14285714286,977.1684210526316,27.142857142857142,942.4467005076142,0.377029225151081,10.233650396957913,10.610679622108993,2.2933981331352316,0.9668508287292817,0.9601778855872246,0.42158001908178533,0.4186703877161511,False,False,3.9060361062954634,7.763760419639798,45.26315789473684,Faible
KERAN,KERAN,Kara,128687,7,139,4,3,0,0,62,42,3,32,146,18383.85714285714,925.8057553956835,19.857142857142858,881.417808219178,0.5439554888994226,10.80140185100282,11.345357339902243,1.5896119052836528,0.9668508287292817,0.7024459268243379,0.608230742054461,0.4418977515766607,False,False,1.7494889629505417,8.596456622520133,41.007194244604314,Faible
DOUFELGOU,DOUFELGOU,Kara,84767,10,184,2,8,0,0,104,51,3,26,194,8476.7,460.6902173913044,18.4,436.94329896907215,1.1797043660858588,21.706560335979802,22.886264702065663,1.047088147017021,1.3812154696132597,0.9298564786739438,1.3191014276573674,0.8880403061795221,False,False,0.8763316048134804,2.057463500337959,2.1739130434782608,Correct
BINAH,BINAH,Kara,84199,9,212,4,5,0,0,127,75,2,8,221,9355.444444444445,397.16509433962267,23.555555555555557,380.99095022624437,1.0688963051817717,25.17844629983729,26.24734260501906,1.0400719016915327,1.2430939226519337,1.0713563776025874,1.1951999862992297,1.0300791472783515,False,False,0.7084222216716696,3.403378051356342,13.679245283018867,Correct
TCHAOUDJO,TCHAOUDJO,Centrale,240360,20,1411,11,9,0,0,680,677,6,48,1431,12018.0,170.34727143869597,70.55,167.9664570230608,0.8320852055250457,58.703611249791976,59.53569645531702,2.9690576169619214,2.7624309392265194,7.130584192439863,0.9304066460162427,2.401632137990037,False,False,1.2060444037856894,3.1817714115446827,12.048192771084338,Correct
TCHAMBA,TCHAMBA,Centrale,200585,12,205,1,11,0,0,132,53,1,19,217,16715.416666666668,978.4634146341464,17.083333333333332,924.3548387096774,0.5982501184036693,10.220106189396017,10.818356307799686,2.4777351560089325,1.6574585635359116,1.0359814028704266,0.6689409719663906,0.41811627863373296,False,False,8.731428668856662,11.813716182068564,49.26829268292683,Faible
BLITTA,BLITTA,Centrale,163272,10,90,3,7,0,0,60,25,4,1,100,16327.2,1814.1333333333334,9.0,1632.72,0.6124748885295703,5.512273996766132,6.124748885295703,2.016824659829451,1.3812154696132597,0.45482110369921164,0.6848465794394143,0.2255134582386913,False,False,3.1887211410558276,5.88722430227694,21.11111111111111,Faible
SOTOUBOUA,SOTOUBOUA,Centrale,138864,18,355,5,13,0,0,205,106,12,32,373,7714.666666666667,391.1661971830986,19.72222222222222,372.28954423592495,1.2962322848254406,25.56458117294619,26.860813457771634,1.7153237515468474,2.4861878453038675,1.794016575702446,1.4493986007375395,1.0458763682859489,False,False,0.5410493631025636,2.595123746566405,6.478873239436619,Correct
MO,MO,Centrale,52448,2,32,0,2,0,0,10,16,0,6,34,26224.0,1639.0,16.0,1542.5882352941176,0.3813300793166565,6.101281269066504,6.482611348383161,0.6478662585056534,0.27624309392265195,0.16171417020416415,0.4263890738187616,0.24961042202933773,False,False,1.7594019215852432,7.727799796263557,34.375,Faible
OGOU,OGOU,Plateaux,253467,24,421,7,12,5,0,207,115,65,34,445,10561.125,602.0593824228029,17.541666666666668,569.5887640449438,0.9468688231604114,16.609657272938882,17.556526096099294,3.130962418865399,3.314917127071823,2.1275520517485345,1.0587534066515834,0.6795201497562269,False,False,0.3330542565474066,1.6133696174370054,5.225653206650831,Correct
MOYEN-MONO,MOYEN MONO,Plateaux,90505,6,81,1,5,0,0,59,7,10,5,87,15084.166666666666,1117.3456790123457,13.5,1040.287356321839,0.6629467985194188,8.949781780012154,9.612728578531573,1.1179670478579575,0.8287292817679558,0.40933899332929047,0.7412823869503258,0.3661458484966891,False,False,1.7428283270643272,3.504510833111516,6.172839506172839,Faible
HAHO,HAHO,Plateaux,305096,22,453,3,18,1,0,332,29,51,41,475,13868.0,673.5011037527594,20.59090909090909,642.3073684210526,0.7210845111047015,14.847785615019534,15.568870126124237,3.7687119433541953,3.0386740331491713,2.2892662219526985,0.806289809044073,0.6074399573014928,False,False,1.9485685409307822,4.5608163420694074,21.192052980132452,Correct
AGOU,AGOU,Plateaux,85793,6,224,1,5,0,0,172,26,17,9,230,14298.833333333334,383.0044642857143,37.333333333333336,373.0130434782609,0.6993577564603173,26.10935624118518,26.808713997645494,1.0597618577634136,0.8287292817679558,1.131999191429149,0.7819957622526224,1.0681637418223273,False,False,4.090664068810226,4.740982620453515,16.517857142857142,Correct
KLOTO,KLOTO,Plateaux,145986,13,503,5,8,0,0,361,83,33,26,516,11229.692307692309,290.2306163021869,38.69230769230769,282.9186046511628,0.8904963489649692,34.45535873302919,35.345855081994166,1.803298574096368,1.7955801104972375,2.541944612896705,0.9957198082946424,1.4096082863984252,False,False,0.886125505005427,1.6301014504001865,0.7952286282306162,Correct
KPELE,KPELE,Plateaux,80939,8,255,1,7,0,0,220,26,3,6,263,10117.375,317.40784313725493,31.875,307.7528517110266,0.988398670603788,31.505207625495743,32.49360629609953,0.9998026063374977,1.1049723756906078,1.288659793814433,1.1051905332977383,1.2889142173124397,False,False,0.7444229461169818,1.8388715573719607,1.9607843137254901,Correct
DANYI,DANYI,Plateaux,40240,3,142,0,3,0,0,93,19,20,10,145,13413.333333333334,283.38028169014086,47.333333333333336,277.51724137931035,0.7455268389662028,35.288270377733596,36.0337972166998,0.4970663941860031,0.4143646408839779,0.7176066302809784,0.8336203085355272,1.4436836581079522,False,False,3.014448686735477,3.405609729770904,1.4084507042253522,Correct
WAWA,WAWA,Plateaux,101300,4,244,1,3,0,0,155,78,7,4,248,25325.0,415.1639344262295,61.0,408.46774193548384,0.39486673247778875,24.086870681145115,24.481737413622902,1.251312766675997,0.5524861878453039,1.2330705478067516,0.4415252545636014,0.9854215354026123,False,False,7.52530803473501,7.3253177341544555,33.60655737704918,Faible
AKEBOU,AKEBOU,Plateaux,73830,2,87,0,2,0,0,50,17,4,16,89,36915.0,848.6206896551724,43.5,829.5505617977528,0.27089259108763375,11.783827712312068,12.054720303399701,0.9119883668676096,0.27624309392265195,0.43966040024257125,0.3029019930061819,0.482089921555321,False,False,6.69247123833388,11.024203947858087,39.08045977011494,Faible
AMOU,AMOU,Plateaux,114172,6,175,0,6,0,0,110,51,14,0,181,19028.666666666668,652.4114285714286,29.166666666666668,630.7845303867404,0.5255228952808044,15.327751112356795,15.8532740076376,1.4103147206014996,0.8287292817679558,0.8843743683040226,0.5876201032734754,0.6270758968798373,False,False,1.7029939031351848,3.7999385792190217,14.285714285714285,Faible
ANIE,ANIE,Plateaux,180158,10,285,4,6,0,0,206,60,2,17,295,18015.8,632.1333333333333,28.5,610.7050847457627,0.555068328911289,15.819447373971736,16.374515702883023,2.2254097277276825,1.3812154696132597,1.4402668283808369,0.6206567053266137,0.6471917554937004,False,False,0.7322498345239858,2.654320128984338,11.929824561403509,Faible
EST-MONO,EST MONO,Plateaux,164460,3,209,0,3,0,0,140,48,10,11,212,54820.0,786.88995215311,69.66666666666667,775.7547169811321,0.18241517694272164,12.708257327009607,12.890672503952329,2.0314994827989583,0.4143646408839779,1.056195674145947,0.2039698480814156,0.5199093984955104,False,False,0.9841665993532905,9.256323369873892,39.23444976076555,Faible
ZIO,ZIO,Maritime intérieur,500032,36,779,5,27,0,4,556,67,74,82,815,13889.777777777777,641.8896020539153,21.63888888888889,613.5361963190184,0.7199539229489312,15.579002943811597,16.298956866760527,6.176667574990446,4.972375690607735,3.9367293309076206,0.8050256275311087,0.6373548977846214,False,False,2.2221918224088504,3.470514060770123,10.012836970474968,Correct
YOTO,YOTO,Maritime intérieur,174851,19,160,6,13,0,0,68,34,58,0,179,9202.684210526315,1092.81875,8.421052631578947,976.8212290502794,1.0866394816157756,9.150648266238111,10.237287747853888,2.159854773603798,2.6243093922651934,0.8085708510208207,1.2150397444946892,0.3743635270771887,False,False,0.7239454061582368,1.5944685805411916,3.125,Correct
BAS-MONO,BAS MONO,Maritime intérieur,94860,4,183,0,3,0,1,129,9,45,0,187,23715.0,518.360655737705,45.75,507.27272727272725,0.421674045962471,19.29158760278305,19.71326164874552,1.171762379534897,0.5524861878453039,0.9248029108550637,0.47150019278191885,0.7892409988637304,False,False,0.9209691316329583,2.035112777943531,1.092896174863388,Faible
LACS,LACS,Maritime intérieur,241247,21,741,10,11,0,0,581,43,61,56,762,11487.952380952382,325.56950067476384,35.285714285714285,316.59711286089237,0.8704771458297927,30.715407859994112,31.585885005823908,2.9800143240107033,2.9005524861878453,3.744693753790176,0.9733350819213805,1.2566026020808905,False,False,0.7959759254028694,1.3876748015381803,0.2699055330634278,Correct
VO,VO,Maritime intérieur,224411,17,476,5,12,0,0,329,4,125,18,493,13200.64705882353,471.45168067226894,28.0,455.1947261663286,0.7575386233295159,21.211081453226445,21.96862007655596,2.7720468833418277,2.3480662983425415,2.4054982817869415,0.8470514378572997,0.8677696961917919,False,False,0.9920726888332999,2.2757557635499595,0.0,Correct
AVE,AVE,Maritime intérieur,111214,14,128,3,11,0,0,76,6,17,29,142,7943.857142857143,868.859375,9.142857142857142,783.1971830985915,1.258834319420217,11.50934234898484,12.768176668405056,1.373775893712777,1.9337016574585635,0.6468566808166566,1.4075815904969236,0.47086041018557756,False,False,0.6016831086808787,2.031167974205121,4.6875,Correct
GOLFE,GOLFE,Grand Lomé,1305681,232,5121,99,85,45,3,3791,825,148,357,5353,5627.935344827586,254.9660222612771,22.073275862068964,243.91574817859146,1.7768505477218401,39.220912305532515,40.99776285325436,16.12848276906498,32.04419889502763,25.879320800485143,1.9868080186990416,1.604572554718081,False,False,0.43818252477890024,0.5633955305862167,0.0,Correct
AGOE-NYIVE,AGOE NYIVE,Grand Lomé,882695,67,1398,11,47,8,1,851,505,3,39,1465,13174.55223880597,631.398426323319,20.865671641791046,602.5221843003413,0.7590390791836364,15.83786018953319,16.59689926871683,10.903529344334345,9.25414364640884,7.064887810794421,0.8487291916371507,0.6479450449193732,False,False,0.6976577652497347,0.9357599250443202,0.0,Correct
